"Channel","Company","Category","PickupDate","DropoffDate","Duration","PickupLocation","DropoffLocation","Daily Rate","TotalRate"
"DiscoverCars","Drive On","COMPACT (Opel Astra SW (CWMR))","31/05/2023","03/06/2023","3","Lisbon Airport","Lisbon Airport","26,60 €","79,80 €"
"DiscoverCars","Right Cars","COMPACT (Renault Megane STW (CWMR))","31/05/2023","03/06/2023","3","Lisbon Airport","Lisbon Airport","115,51 €","346,52 €"
"DiscoverCars","Greenmotion","COMPACT (Fiat Tipo STW (CWMR))","31/05/2023","03/06/2023","3","Lisbon Airport","Lisbon Airport","15,40 €","46,20 €"
"DiscoverCars","Berent","INTERMEDIATE (Renault Megane Grandtour (IWMR))","31/05/2023","03/06/2023","3","Lisbon Airport","Lisbon Airport","18,38 €","55,13 €"
"DiscoverCars","Carwiz","COMPACT (Fiat Tipo STW (CWMR))","31/05/2023","03/06/2023","3","Lisbon Airport","Lisbon Airport","31,34 €","94,02 €"
"DiscoverCars","Surprice","ECONOMY (Ford Focus STW (EWMV))","31/05/2023","03/06/2023","3","Lisbon Airport","Lisbon Airport","15,79 €","47,38 €"
"DiscoverCars","Crc","COMPACT (Peugeot 308 STW (CWMR))","31/05/2023","03/06/2023","3","Lisbon Airport","Lisbon Airport","63,06 €","189,17 €"
"DiscoverCars","Rentauto","INTERMEDIATE (Peugeot 308 SW Estate (IWMV))","31/05/2023","03/06/2023","3","Lisbon Airport","Lisbon Airport","64,86 €","194,57 €"
"DiscoverCars","Surprice","ECONOMY (Renault Megane STW (EWMR))","31/05/2023","03/06/2023","3","Lisbon Airport","Lisbon Airport","15,79 €","47,38 €"
"DiscoverCars","Klass Wagen","COMPACT (Kia Ceed STW (CWMR))","31/05/2023","03/06/2023","3","Lisbon Airport","Lisbon Airport","15,47 €","46,42 €"
"DiscoverCars","Europcar","COMPACT (Fiat Tipo STW (CWMR))","31/05/2023","03/06/2023","3","Lisbon Airport","Lisbon Airport","35,89 €","107,68 €"
"DiscoverCars","Enterprise","COMPACT (Renault Megane STW (CWMR))","31/05/2023","03/06/2023","3","Lisbon Airport","Lisbon Airport","39,99 €","119,97 €"
"DiscoverCars","Alamo","COMPACT (Hyundai i30 STW (CWMR))","31/05/2023","03/06/2023","3","Lisbon Airport","Lisbon Airport","39,99 €","119,97 €"
"DiscoverCars","Drive On","COMPACT (Opel Astra SW (CWMR))","01/06/2023","04/06/2023","3","Lisbon Airport","Lisbon Airport","19,48 €","58,44 €"
"DiscoverCars","Right Cars","COMPACT (Renault Megane STW (CWMR))","01/06/2023","04/06/2023","3","Lisbon Airport","Lisbon Airport","19,72 €","59,15 €"
"DiscoverCars","Greenmotion","COMPACT (Fiat Tipo STW (CWMR))","01/06/2023","04/06/2023","3","Lisbon Airport","Lisbon Airport","18,33 €","54,99 €"
"DiscoverCars","Drivalia","COMPACT (Seat Leon STW (CWMD))","01/06/2023","04/06/2023","3","Lisbon Airport","Lisbon Airport","28,21 €","84,63 €"
"DiscoverCars","Berent","INTERMEDIATE (Renault Megane Grandtour (IWMR))","01/06/2023","04/06/2023","3","Lisbon Airport","Lisbon Airport","19,46 €","58,37 €"
"DiscoverCars","Carwiz","COMPACT (Fiat Tipo STW (CWMR))","01/06/2023","04/06/2023","3","Lisbon Airport","Lisbon Airport","16,58 €","49,74 €"
"DiscoverCars","Crc","COMPACT (Peugeot 308 STW (CWMR))","01/06/2023","04/06/2023","3","Lisbon Airport","Lisbon Airport","58,11 €","174,34 €"
"DiscoverCars","Movyng","COMPACT (Ford Focus STW (CWMD))","01/06/2023","04/06/2023","3","Lisbon Airport","Lisbon Airport","80,85 €","242,56 €"
"DiscoverCars","Rentauto","INTERMEDIATE (Peugeot 308 SW Estate (IWMV))","01/06/2023","04/06/2023","3","Lisbon Airport","Lisbon Airport","54,05 €","162,14 €"
"DiscoverCars","Golfauto","INTERMEDIATE (Renault Megane Grandtour (IWMV))","01/06/2023","04/06/2023","3","Lisbon Airport","Lisbon Airport","60,09 €","180,28 €"
"DiscoverCars","Keddy","COMPACT (Peugeot 308 STW (CWMD))","01/06/2023","04/06/2023","3","Lisbon Airport","Lisbon Airport","44,90 €","134,71 €"
"DiscoverCars","Golfauto","COMPACT (Ford Focus STW (CWMV))","01/06/2023","04/06/2023","3","Lisbon Airport","Lisbon Airport","60,08 €","180,25 €"
"DiscoverCars","Klass Wagen","COMPACT (Kia Ceed STW (CWMR))","01/06/2023","04/06/2023","3","Lisbon Airport","Lisbon Airport","17,64 €","52,91 €"
"DiscoverCars","Europcar","COMPACT (Renault Megane STW (CWMD))","01/06/2023","04/06/2023","3","Lisbon Airport","Lisbon Airport","46,96 €","140,88 €"
"DiscoverCars","Golfauto","INTERMEDIATE (Renault Megane Grandtour (IWMR))","01/06/2023","04/06/2023","3","Lisbon Airport","Lisbon Airport","60,07 €","180,21 €"
"DiscoverCars","Europcar","COMPACT (Fiat Tipo STW (CWMR))","01/06/2023","04/06/2023","3","Lisbon Airport","Lisbon Airport","37,89 €","113,67 €"
"DiscoverCars","Europcar","COMPACT ELITE (Volkswagen Golf STW (DWMD))","01/06/2023","04/06/2023","3","Lisbon Airport","Lisbon Airport","50,84 €","152,51 €"
"DiscoverCars","Enterprise","COMPACT (Renault Megane STW (CWMR))","01/06/2023","04/06/2023","3","Lisbon Airport","Lisbon Airport","39,99 €","119,97 €"
"DiscoverCars","Alamo","COMPACT (Hyundai i30 STW (CWMR))","01/06/2023","04/06/2023","3","Lisbon Airport","Lisbon Airport","39,99 €","119,97 €"
"DiscoverCars","First Rent","INTERMEDIATE (Peugeot 308 SW Estate (IWMR))","01/06/2023","04/06/2023","3","Lisbon Airport","Lisbon Airport","128,44 €","385,31 €"
"DiscoverCars","Turisprime","COMPACT (Peugeot 308 STW (CWMR))","02/06/2023","05/06/2023","3","Lisbon Airport","Lisbon Airport","17,29 €","51,88 €"
"DiscoverCars","Ausocar","COMPACT (Fiat Tipo STW (CWMD))","02/06/2023","05/06/2023","3","Lisbon Airport","Lisbon Airport","45,40 €","136,21 €"
"DiscoverCars","Drive On","COMPACT (Opel Astra SW (CWMR))","02/06/2023","05/06/2023","3","Lisbon Airport","Lisbon Airport","19,48 €","58,44 €"
"DiscoverCars","Right Cars","COMPACT (Renault Megane STW (CWMR))","02/06/2023","05/06/2023","3","Lisbon Airport","Lisbon Airport","19,72 €","59,15 €"
"DiscoverCars","Greenmotion","COMPACT (Fiat Tipo STW (CWMR))","02/06/2023","05/06/2023","3","Lisbon Airport","Lisbon Airport","18,33 €","54,99 €"
"DiscoverCars","Drivalia","COMPACT (Seat Leon STW (CWMD))","02/06/2023","05/06/2023","3","Lisbon Airport","Lisbon Airport","28,21 €","84,63 €"
"DiscoverCars","Carwiz","COMPACT (Fiat Tipo STW (CWMR))","02/06/2023","05/06/2023","3","Lisbon Airport","Lisbon Airport","16,58 €","49,74 €"
"DiscoverCars","Crc","COMPACT (Peugeot 308 STW (CWMR))","02/06/2023","05/06/2023","3","Lisbon Airport","Lisbon Airport","58,11 €","174,34 €"
"DiscoverCars","Surprice","ECONOMY (Ford Focus STW (EWMV))","02/06/2023","05/06/2023","3","Lisbon Airport","Lisbon Airport","46,85 €","140,55 €"
"DiscoverCars","Rentauto","INTERMEDIATE (Peugeot 308 SW Estate (IWMV))","02/06/2023","05/06/2023","3","Lisbon Airport","Lisbon Airport","54,05 €","162,14 €"
"DiscoverCars","Movyng","COMPACT (Ford Focus STW (CWMD))","02/06/2023","05/06/2023","3","Lisbon Airport","Lisbon Airport","80,85 €","242,56 €"
"DiscoverCars","Golfauto","INTERMEDIATE (Renault Megane Grandtour (IWMV))","02/06/2023","05/06/2023","3","Lisbon Airport","Lisbon Airport","60,09 €","180,28 €"
"DiscoverCars","Keddy","COMPACT (Peugeot 308 STW (CWMD))","02/06/2023","05/06/2023","3","Lisbon Airport","Lisbon Airport","44,90 €","134,71 €"
"DiscoverCars","Golfauto","COMPACT (Ford Focus STW (CWMV))","02/06/2023","05/06/2023","3","Lisbon Airport","Lisbon Airport","60,08 €","180,25 €"
"DiscoverCars","Surprice","ECONOMY (Renault Megane STW (EWMR))","02/06/2023","05/06/2023","3","Lisbon Airport","Lisbon Airport","47,65 €","142,95 €"
"DiscoverCars","Klass Wagen","COMPACT (Kia Ceed STW (CWMR))","02/06/2023","05/06/2023","3","Lisbon Airport","Lisbon Airport","17,64 €","52,91 €"
"DiscoverCars","Europcar","COMPACT (Renault Megane STW (CWMD))","02/06/2023","05/06/2023","3","Lisbon Airport","Lisbon Airport","46,96 €","140,88 €"
"DiscoverCars","Golfauto","INTERMEDIATE (Renault Megane Grandtour (IWMR))","02/06/2023","05/06/2023","3","Lisbon Airport","Lisbon Airport","60,07 €","180,21 €"
"DiscoverCars","Europcar","COMPACT (Fiat Tipo STW (CWMR))","02/06/2023","05/06/2023","3","Lisbon Airport","Lisbon Airport","37,89 €","113,67 €"
"DiscoverCars","Europcar","COMPACT ELITE (Volkswagen Golf STW (DWMD))","02/06/2023","05/06/2023","3","Lisbon Airport","Lisbon Airport","50,84 €","152,51 €"
"DiscoverCars","Enterprise","COMPACT (Renault Megane STW (CWMR))","02/06/2023","05/06/2023","3","Lisbon Airport","Lisbon Airport","39,99 €","119,97 €"
"DiscoverCars","Alamo","COMPACT (Hyundai i30 STW (CWMR))","02/06/2023","05/06/2023","3","Lisbon Airport","Lisbon Airport","41,55 €","124,64 €"
"DiscoverCars","First Rent","INTERMEDIATE (Peugeot 308 SW Estate (IWMR))","02/06/2023","05/06/2023","3","Lisbon Airport","Lisbon Airport","113,47 €","340,41 €"
"DiscoverCars","Turisprime","COMPACT (Peugeot 308 STW (CWMR))","03/06/2023","06/06/2023","3","Lisbon Airport","Lisbon Airport","20,29 €","60,88 €"
"DiscoverCars","Drive On","COMPACT (Opel Astra SW (CWMR))","03/06/2023","06/06/2023","3","Lisbon Airport","Lisbon Airport","22,32 €","66,95 €"
"DiscoverCars","Right Cars","COMPACT (Renault Megane STW (CWMR))","03/06/2023","06/06/2023","3","Lisbon Airport","Lisbon Airport","22,69 €","68,06 €"
"DiscoverCars","Cael","COMPACT (Renault Megane STW (CWMR))","03/06/2023","06/06/2023","3","Lisbon Airport","Lisbon Airport","32,30 €","96,89 €"
"DiscoverCars","Greenmotion","COMPACT (Fiat Tipo STW (CWMR))","03/06/2023","06/06/2023","3","Lisbon Airport","Lisbon Airport","21,25 €","63,76 €"
"DiscoverCars","Drivalia","COMPACT (Seat Leon STW (CWMD))","03/06/2023","06/06/2023","3","Lisbon Airport","Lisbon Airport","30,39 €","91,18 €"
"DiscoverCars","Carwiz","COMPACT (Fiat Tipo STW (CWMR))","03/06/2023","06/06/2023","3","Lisbon Airport","Lisbon Airport","31,30 €","93,89 €"
"DiscoverCars","Crc","COMPACT (Peugeot 308 STW (CWMR))","03/06/2023","06/06/2023","3","Lisbon Airport","Lisbon Airport","58,59 €","175,77 €"
"DiscoverCars","Surprice","ECONOMY (Ford Focus STW (EWMV))","03/06/2023","06/06/2023","3","Lisbon Airport","Lisbon Airport","51,96 €","155,87 €"
"DiscoverCars","Rentauto","INTERMEDIATE (Peugeot 308 SW Estate (IWMV))","03/06/2023","06/06/2023","3","Lisbon Airport","Lisbon Airport","54,50 €","163,49 €"
"DiscoverCars","Movyng","COMPACT (Ford Focus STW (CWMD))","03/06/2023","06/06/2023","3","Lisbon Airport","Lisbon Airport","81,51 €","244,54 €"
"DiscoverCars","Golfauto","INTERMEDIATE (Renault Megane Grandtour (IWMV))","03/06/2023","06/06/2023","3","Lisbon Airport","Lisbon Airport","60,58 €","181,75 €"
"DiscoverCars","Keddy","COMPACT (Peugeot 308 STW (CWMD))","03/06/2023","06/06/2023","3","Lisbon Airport","Lisbon Airport","70,18 €","210,53 €"
"DiscoverCars","Golfauto","COMPACT (Ford Focus STW (CWMV))","03/06/2023","06/06/2023","3","Lisbon Airport","Lisbon Airport","60,57 €","181,72 €"
"DiscoverCars","Surprice","ECONOMY (Renault Megane STW (EWMR))","03/06/2023","06/06/2023","3","Lisbon Airport","Lisbon Airport","23,50 €","70,49 €"
"DiscoverCars","Klass Wagen","COMPACT (Kia Ceed STW (CWMR))","03/06/2023","06/06/2023","3","Lisbon Airport","Lisbon Airport","20,60 €","61,79 €"
"DiscoverCars","Europcar","COMPACT (Renault Megane STW (CWMD))","03/06/2023","06/06/2023","3","Lisbon Airport","Lisbon Airport","74,67 €","224,02 €"
"DiscoverCars","Golfauto","INTERMEDIATE (Renault Megane Grandtour (IWMR))","03/06/2023","06/06/2023","3","Lisbon Airport","Lisbon Airport","60,56 €","181,68 €"
"DiscoverCars","Europcar","COMPACT (Fiat Tipo STW (CWMR))","03/06/2023","06/06/2023","3","Lisbon Airport","Lisbon Airport","60,81 €","182,42 €"
"DiscoverCars","Europcar","COMPACT ELITE (Volkswagen Golf STW (DWMD))","03/06/2023","06/06/2023","3","Lisbon Airport","Lisbon Airport","81,51 €","244,54 €"
"DiscoverCars","Enterprise","COMPACT (Renault Megane STW (CWMR))","03/06/2023","06/06/2023","3","Lisbon Airport","Lisbon Airport","39,99 €","119,97 €"
"DiscoverCars","Alamo","COMPACT (Hyundai i30 STW (CWMR))","03/06/2023","06/06/2023","3","Lisbon Airport","Lisbon Airport","41,55 €","124,64 €"
"DiscoverCars","First Rent","INTERMEDIATE (Peugeot 308 SW Estate (IWMR))","03/06/2023","06/06/2023","3","Lisbon Airport","Lisbon Airport","129,38 €","388,14 €"
"DiscoverCars","Turisprime","COMPACT (Peugeot 308 STW (CWMR))","04/06/2023","07/06/2023","3","Lisbon Airport","Lisbon Airport","20,29 €","60,88 €"
"DiscoverCars","Drive On","COMPACT (Opel Astra SW (CWMR))","04/06/2023","07/06/2023","3","Lisbon Airport","Lisbon Airport","22,32 €","66,95 €"
"DiscoverCars","Right Cars","COMPACT (Renault Megane STW (CWMR))","04/06/2023","07/06/2023","3","Lisbon Airport","Lisbon Airport","22,69 €","68,06 €"
"DiscoverCars","Cael","COMPACT (Renault Megane STW (CWMR))","04/06/2023","07/06/2023","3","Lisbon Airport","Lisbon Airport","32,30 €","96,89 €"
"DiscoverCars","Greenmotion","COMPACT (Fiat Tipo STW (CWMR))","04/06/2023","07/06/2023","3","Lisbon Airport","Lisbon Airport","21,25 €","63,76 €"
"DiscoverCars","Drivalia","COMPACT (Seat Leon STW (CWMD))","04/06/2023","07/06/2023","3","Lisbon Airport","Lisbon Airport","30,39 €","91,18 €"
"DiscoverCars","Berent","INTERMEDIATE (Renault Megane Grandtour (IWMR))","04/06/2023","07/06/2023","3","Lisbon Airport","Lisbon Airport","22,30 €","66,89 €"
"DiscoverCars","Carwiz","COMPACT (Fiat Tipo STW (CWMR))","04/06/2023","07/06/2023","3","Lisbon Airport","Lisbon Airport","19,63 €","58,90 €"
"DiscoverCars","Crc","COMPACT (Peugeot 308 STW (CWMR))","04/06/2023","07/06/2023","3","Lisbon Airport","Lisbon Airport","58,59 €","175,77 €"
"DiscoverCars","Movyng","COMPACT (Ford Focus STW (CWMD))","04/06/2023","07/06/2023","3","Lisbon Airport","Lisbon Airport","81,51 €","244,54 €"
"DiscoverCars","Rentauto","INTERMEDIATE (Peugeot 308 SW Estate (IWMV))","04/06/2023","07/06/2023","3","Lisbon Airport","Lisbon Airport","54,50 €","163,49 €"
"DiscoverCars","Drive On","INTERMEDIATE (Volkswagen Golf STW (IWMD))","04/06/2023","07/06/2023","3","Lisbon Airport","Lisbon Airport","22,82 €","68,45 €"
"DiscoverCars","Golfauto","INTERMEDIATE (Renault Megane Grandtour (IWMV))","04/06/2023","07/06/2023","3","Lisbon Airport","Lisbon Airport","60,58 €","181,75 €"
"DiscoverCars","Keddy","COMPACT (Peugeot 308 STW (CWMD))","04/06/2023","07/06/2023","3","Lisbon Airport","Lisbon Airport","45,84 €","137,51 €"
"DiscoverCars","Golfauto","COMPACT (Ford Focus STW (CWMV))","04/06/2023","07/06/2023","3","Lisbon Airport","Lisbon Airport","60,57 €","181,72 €"
"DiscoverCars","Klass Wagen","COMPACT (Kia Ceed STW (CWMR))","04/06/2023","07/06/2023","3","Lisbon Airport","Lisbon Airport","20,60 €","61,79 €"
"DiscoverCars","Europcar","COMPACT (Renault Megane STW (CWMD))","04/06/2023","07/06/2023","3","Lisbon Airport","Lisbon Airport","47,74 €","143,21 €"
"DiscoverCars","Golfauto","INTERMEDIATE (Renault Megane Grandtour (IWMR))","04/06/2023","07/06/2023","3","Lisbon Airport","Lisbon Airport","60,56 €","181,68 €"
"DiscoverCars","Europcar","COMPACT (Fiat Tipo STW (CWMR))","04/06/2023","07/06/2023","3","Lisbon Airport","Lisbon Airport","39,35 €","118,04 €"
"DiscoverCars","Europcar","COMPACT ELITE (Volkswagen Golf STW (DWMD))","04/06/2023","07/06/2023","3","Lisbon Airport","Lisbon Airport","51,32 €","153,97 €"
"DiscoverCars","Enterprise","COMPACT (Renault Megane STW (CWMR))","04/06/2023","07/06/2023","3","Lisbon Airport","Lisbon Airport","39,99 €","119,97 €"
"DiscoverCars","Alamo","COMPACT (Hyundai i30 STW (CWMR))","04/06/2023","07/06/2023","3","Lisbon Airport","Lisbon Airport","39,99 €","119,97 €"
"DiscoverCars","First Rent","INTERMEDIATE (Peugeot 308 SW Estate (IWMR))","04/06/2023","07/06/2023","3","Lisbon Airport","Lisbon Airport","129,38 €","388,14 €"
"DiscoverCars","Drive On","COMPACT (Opel Astra SW (CWMR))","05/06/2023","08/06/2023","3","Lisbon Airport","Lisbon Airport","22,32 €","66,95 €"
"DiscoverCars","Turisprime","COMPACT (Peugeot 308 STW (CWMR))","05/06/2023","08/06/2023","3","Lisbon Airport","Lisbon Airport","20,29 €","60,88 €"
"DiscoverCars","Right Cars","COMPACT (Renault Megane STW (CWMR))","05/06/2023","08/06/2023","3","Lisbon Airport","Lisbon Airport","22,69 €","68,06 €"
"DiscoverCars","Cael","COMPACT (Renault Megane STW (CWMR))","05/06/2023","08/06/2023","3","Lisbon Airport","Lisbon Airport","32,30 €","96,89 €"
"DiscoverCars","Greenmotion","COMPACT (Fiat Tipo STW (CWMR))","05/06/2023","08/06/2023","3","Lisbon Airport","Lisbon Airport","21,25 €","63,76 €"
"DiscoverCars","Berent","INTERMEDIATE (Renault Megane Grandtour (IWMR))","05/06/2023","08/06/2023","3","Lisbon Airport","Lisbon Airport","22,30 €","66,89 €"
"DiscoverCars","Carwiz","COMPACT (Fiat Tipo STW (CWMR))","05/06/2023","08/06/2023","3","Lisbon Airport","Lisbon Airport","31,30 €","93,89 €"
"DiscoverCars","Crc","COMPACT (Peugeot 308 STW (CWMR))","05/06/2023","08/06/2023","3","Lisbon Airport","Lisbon Airport","58,59 €","175,77 €"
"DiscoverCars","Surprice","ECONOMY (Ford Focus STW (EWMV))","05/06/2023","08/06/2023","3","Lisbon Airport","Lisbon Airport","48,96 €","146,87 €"
"DiscoverCars","Rentauto","INTERMEDIATE (Peugeot 308 SW Estate (IWMV))","05/06/2023","08/06/2023","3","Lisbon Airport","Lisbon Airport","54,50 €","163,49 €"
"DiscoverCars","Movyng","COMPACT (Ford Focus STW (CWMD))","05/06/2023","08/06/2023","3","Lisbon Airport","Lisbon Airport","81,51 €","244,54 €"
"DiscoverCars","Golfauto","INTERMEDIATE (Renault Megane Grandtour (IWMV))","05/06/2023","08/06/2023","3","Lisbon Airport","Lisbon Airport","60,58 €","181,75 €"
"DiscoverCars","Keddy","COMPACT (Peugeot 308 STW (CWMD))","05/06/2023","08/06/2023","3","Lisbon Airport","Lisbon Airport","45,84 €","137,51 €"
"DiscoverCars","Golfauto","COMPACT (Ford Focus STW (CWMV))","05/06/2023","08/06/2023","3","Lisbon Airport","Lisbon Airport","60,57 €","181,72 €"
"DiscoverCars","Surprice","ECONOMY (Renault Megane STW (EWMR))","05/06/2023","08/06/2023","3","Lisbon Airport","Lisbon Airport","22,72 €","68,15 €"
"DiscoverCars","Klass Wagen","COMPACT (Kia Ceed STW (CWMR))","05/06/2023","08/06/2023","3","Lisbon Airport","Lisbon Airport","20,60 €","61,79 €"
"DiscoverCars","Europcar","COMPACT (Renault Megane STW (CWMD))","05/06/2023","08/06/2023","3","Lisbon Airport","Lisbon Airport","47,74 €","143,21 €"
"DiscoverCars","Golfauto","INTERMEDIATE (Renault Megane Grandtour (IWMR))","05/06/2023","08/06/2023","3","Lisbon Airport","Lisbon Airport","60,56 €","181,68 €"
"DiscoverCars","Europcar","COMPACT (Fiat Tipo STW (CWMR))","05/06/2023","08/06/2023","3","Lisbon Airport","Lisbon Airport","39,35 €","118,04 €"
"DiscoverCars","Europcar","COMPACT ELITE (Volkswagen Golf STW (DWMD))","05/06/2023","08/06/2023","3","Lisbon Airport","Lisbon Airport","51,32 €","153,97 €"
"DiscoverCars","Enterprise","COMPACT (Renault Megane STW (CWMR))","05/06/2023","08/06/2023","3","Lisbon Airport","Lisbon Airport","39,99 €","119,97 €"
"DiscoverCars","Alamo","COMPACT (Hyundai i30 STW (CWMR))","05/06/2023","08/06/2023","3","Lisbon Airport","Lisbon Airport","39,99 €","119,97 €"
"DiscoverCars","Turisprime","COMPACT (Peugeot 308 STW (CWMR))","06/06/2023","09/06/2023","3","Lisbon Airport","Lisbon Airport","18,89 €","56,68 €"
"DiscoverCars","Drive On","COMPACT (Opel Astra SW (CWMR))","06/06/2023","09/06/2023","3","Lisbon Airport","Lisbon Airport","20,92 €","62,75 €"
"DiscoverCars","Ausocar","COMPACT (Fiat Tipo STW (CWMD))","06/06/2023","09/06/2023","3","Lisbon Airport","Lisbon Airport","45,78 €","137,34 €"
"DiscoverCars","Right Cars","COMPACT (Renault Megane STW (CWMR))","06/06/2023","09/06/2023","3","Lisbon Airport","Lisbon Airport","21,29 €","63,86 €"
"DiscoverCars","Cael","COMPACT (Renault Megane STW (CWMR))","06/06/2023","09/06/2023","3","Lisbon Airport","Lisbon Airport","30,90 €","92,69 €"
"DiscoverCars","Greenmotion","COMPACT (Fiat Tipo STW (CWMR))","06/06/2023","09/06/2023","3","Lisbon Airport","Lisbon Airport","19,85 €","59,56 €"
"DiscoverCars","Drivalia","COMPACT (Seat Leon STW (CWMD))","06/06/2023","09/06/2023","3","Lisbon Airport","Lisbon Airport","28,99 €","86,98 €"
"DiscoverCars","Berent","INTERMEDIATE (Renault Megane Grandtour (IWMR))","06/06/2023","09/06/2023","3","Lisbon Airport","Lisbon Airport","20,90 €","62,69 €"
"DiscoverCars","Carwiz","COMPACT (Fiat Tipo STW (CWMR))","06/06/2023","09/06/2023","3","Lisbon Airport","Lisbon Airport","18,23 €","54,70 €"
"DiscoverCars","Crc","COMPACT (Peugeot 308 STW (CWMR))","06/06/2023","09/06/2023","3","Lisbon Airport","Lisbon Airport","58,59 €","175,77 €"
"DiscoverCars","Movyng","COMPACT (Ford Focus STW (CWMD))","06/06/2023","09/06/2023","3","Lisbon Airport","Lisbon Airport","81,51 €","244,54 €"
"DiscoverCars","Rentauto","INTERMEDIATE (Peugeot 308 SW Estate (IWMV))","06/06/2023","09/06/2023","3","Lisbon Airport","Lisbon Airport","54,50 €","163,49 €"
"DiscoverCars","Golfauto","INTERMEDIATE (Renault Megane Grandtour (IWMV))","06/06/2023","09/06/2023","3","Lisbon Airport","Lisbon Airport","60,58 €","181,75 €"
"DiscoverCars","Keddy","COMPACT (Peugeot 308 STW (CWMD))","06/06/2023","09/06/2023","3","Lisbon Airport","Lisbon Airport","45,28 €","135,84 €"
"DiscoverCars","Golfauto","COMPACT (Ford Focus STW (CWMV))","06/06/2023","09/06/2023","3","Lisbon Airport","Lisbon Airport","60,57 €","181,72 €"
"DiscoverCars","Klass Wagen","COMPACT (Kia Ceed STW (CWMR))","06/06/2023","09/06/2023","3","Lisbon Airport","Lisbon Airport","19,20 €","57,59 €"
"DiscoverCars","Europcar","COMPACT (Renault Megane STW (CWMD))","06/06/2023","09/06/2023","3","Lisbon Airport","Lisbon Airport","47,35 €","142,05 €"
"DiscoverCars","Golfauto","INTERMEDIATE (Renault Megane Grandtour (IWMR))","06/06/2023","09/06/2023","3","Lisbon Airport","Lisbon Airport","60,56 €","181,68 €"
"DiscoverCars","Europcar","COMPACT (Fiat Tipo STW (CWMR))","06/06/2023","09/06/2023","3","Lisbon Airport","Lisbon Airport","38,20 €","114,61 €"
"DiscoverCars","Europcar","COMPACT ELITE (Volkswagen Golf STW (DWMD))","06/06/2023","09/06/2023","3","Lisbon Airport","Lisbon Airport","51,26 €","153,78 €"
"DiscoverCars","Enterprise","COMPACT (Renault Megane STW (CWMR))","06/06/2023","09/06/2023","3","Lisbon Airport","Lisbon Airport","39,99 €","119,97 €"
"DiscoverCars","Alamo","COMPACT (Hyundai i30 STW (CWMR))","06/06/2023","09/06/2023","3","Lisbon Airport","Lisbon Airport","39,99 €","119,97 €"
"DiscoverCars","First Rent","INTERMEDIATE (Peugeot 308 SW Estate (IWMR))","06/06/2023","09/06/2023","3","Lisbon Airport","Lisbon Airport","114,41 €","343,24 €"
"DiscoverCars","Turisprime","COMPACT (Peugeot 308 STW (CWMR))","07/06/2023","10/06/2023","3","Lisbon Airport","Lisbon Airport","18,89 €","56,68 €"
"DiscoverCars","Drive On","COMPACT (Opel Astra SW (CWMR))","07/06/2023","10/06/2023","3","Lisbon Airport","Lisbon Airport","19,62 €","58,85 €"
"DiscoverCars","Cael","COMPACT (Renault Megane STW (CWMR))","07/06/2023","10/06/2023","3","Lisbon Airport","Lisbon Airport","30,90 €","92,69 €"
"DiscoverCars","Right Cars","COMPACT (Renault Megane STW (CWMR))","07/06/2023","10/06/2023","3","Lisbon Airport","Lisbon Airport","21,29 €","63,86 €"
"DiscoverCars","Greenmotion","COMPACT (Fiat Tipo STW (CWMR))","07/06/2023","10/06/2023","3","Lisbon Airport","Lisbon Airport","19,85 €","59,56 €"
"DiscoverCars","Drivalia","COMPACT (Seat Leon STW (CWMD))","07/06/2023","10/06/2023","3","Lisbon Airport","Lisbon Airport","28,99 €","86,98 €"
"DiscoverCars","Berent","INTERMEDIATE (Renault Megane Grandtour (IWMR))","07/06/2023","10/06/2023","3","Lisbon Airport","Lisbon Airport","20,90 €","62,69 €"
"DiscoverCars","Carwiz","COMPACT (Fiat Tipo STW (CWMR))","07/06/2023","10/06/2023","3","Lisbon Airport","Lisbon Airport","29,90 €","89,69 €"
"DiscoverCars","Bravacar","INTERMEDIATE (Renault Megane Grandtour (IWMD))","07/06/2023","10/06/2023","3","Lisbon Airport","Lisbon Airport","19,29 €","57,86 €"
"DiscoverCars","Surprice","ECONOMY (Ford Focus STW (EWMV))","07/06/2023","10/06/2023","3","Lisbon Airport","Lisbon Airport","47,57 €","142,72 €"
"DiscoverCars","Crc","COMPACT (Peugeot 308 STW (CWMR))","07/06/2023","10/06/2023","3","Lisbon Airport","Lisbon Airport","58,59 €","175,77 €"
"DiscoverCars","Movyng","COMPACT (Ford Focus STW (CWMD))","07/06/2023","10/06/2023","3","Lisbon Airport","Lisbon Airport","81,51 €","244,54 €"
"DiscoverCars","Rentauto","INTERMEDIATE (Peugeot 308 SW Estate (IWMV))","07/06/2023","10/06/2023","3","Lisbon Airport","Lisbon Airport","54,50 €","163,49 €"
"DiscoverCars","Keddy","COMPACT (Peugeot 308 STW (CWMD))","07/06/2023","10/06/2023","3","Lisbon Airport","Lisbon Airport","45,28 €","135,84 €"
"DiscoverCars","Surprice","ECONOMY (Renault Megane STW (EWMR))","07/06/2023","10/06/2023","3","Lisbon Airport","Lisbon Airport","47,92 €","143,77 €"
"DiscoverCars","Klass Wagen","COMPACT (Kia Ceed STW (CWMR))","07/06/2023","10/06/2023","3","Lisbon Airport","Lisbon Airport","19,20 €","57,59 €"
"DiscoverCars","Europcar","COMPACT (Renault Megane STW (CWMD))","07/06/2023","10/06/2023","3","Lisbon Airport","Lisbon Airport","47,35 €","142,05 €"
"DiscoverCars","Europcar","COMPACT (Fiat Tipo STW (CWMR))","07/06/2023","10/06/2023","3","Lisbon Airport","Lisbon Airport","38,20 €","114,61 €"
"DiscoverCars","Europcar","COMPACT ELITE (Volkswagen Golf STW (DWMD))","07/06/2023","10/06/2023","3","Lisbon Airport","Lisbon Airport","51,26 €","153,78 €"
"DiscoverCars","Enterprise","COMPACT (Renault Megane STW (CWMR))","07/06/2023","10/06/2023","3","Lisbon Airport","Lisbon Airport","39,99 €","119,97 €"
"DiscoverCars","Alamo","COMPACT (Hyundai i30 STW (CWMR))","07/06/2023","10/06/2023","3","Lisbon Airport","Lisbon Airport","39,99 €","119,97 €"
"DiscoverCars","Turisprime","COMPACT (Peugeot 308 STW (CWMR))","08/06/2023","11/06/2023","3","Lisbon Airport","Lisbon Airport","18,89 €","56,68 €"
"DiscoverCars","Drive On","COMPACT (Opel Astra SW (CWMR))","08/06/2023","11/06/2023","3","Lisbon Airport","Lisbon Airport","19,62 €","58,85 €"
"DiscoverCars","Right Cars","COMPACT (Renault Megane STW (CWMR))","08/06/2023","11/06/2023","3","Lisbon Airport","Lisbon Airport","21,29 €","63,86 €"
"DiscoverCars","Cael","COMPACT (Renault Megane STW (CWMR))","08/06/2023","11/06/2023","3","Lisbon Airport","Lisbon Airport","30,90 €","92,69 €"
"DiscoverCars","Greenmotion","COMPACT (Fiat Tipo STW (CWMR))","08/06/2023","11/06/2023","3","Lisbon Airport","Lisbon Airport","19,85 €","59,56 €"
"DiscoverCars","Drivalia","COMPACT (Seat Leon STW (CWMD))","08/06/2023","11/06/2023","3","Lisbon Airport","Lisbon Airport","28,99 €","86,98 €"
"DiscoverCars","Carwiz","COMPACT (Fiat Tipo STW (CWMR))","08/06/2023","11/06/2023","3","Lisbon Airport","Lisbon Airport","29,90 €","89,69 €"
"DiscoverCars","Bravacar","INTERMEDIATE (Renault Megane Grandtour (IWMD))","08/06/2023","11/06/2023","3","Lisbon Airport","Lisbon Airport","19,29 €","57,86 €"
"DiscoverCars","Surprice","ECONOMY (Ford Focus STW (EWMV))","08/06/2023","11/06/2023","3","Lisbon Airport","Lisbon Airport","20,28 €","60,83 €"
"DiscoverCars","Crc","COMPACT (Peugeot 308 STW (CWMR))","08/06/2023","11/06/2023","3","Lisbon Airport","Lisbon Airport","58,59 €","175,77 €"
"DiscoverCars","Rentauto","INTERMEDIATE (Peugeot 308 SW Estate (IWMV))","08/06/2023","11/06/2023","3","Lisbon Airport","Lisbon Airport","54,50 €","163,49 €"
"DiscoverCars","Movyng","COMPACT (Ford Focus STW (CWMD))","08/06/2023","11/06/2023","3","Lisbon Airport","Lisbon Airport","81,51 €","244,54 €"
"DiscoverCars","Golfauto","INTERMEDIATE (Renault Megane Grandtour (IWMV))","08/06/2023","11/06/2023","3","Lisbon Airport","Lisbon Airport","60,58 €","181,75 €"
"DiscoverCars","Keddy","COMPACT (Peugeot 308 STW (CWMD))","08/06/2023","11/06/2023","3","Lisbon Airport","Lisbon Airport","45,28 €","135,84 €"
"DiscoverCars","Golfauto","COMPACT (Ford Focus STW (CWMV))","08/06/2023","11/06/2023","3","Lisbon Airport","Lisbon Airport","60,57 €","181,72 €"
"DiscoverCars","Surprice","ECONOMY (Renault Megane STW (EWMR))","08/06/2023","11/06/2023","3","Lisbon Airport","Lisbon Airport","49,35 €","148,05 €"
"DiscoverCars","Klass Wagen","COMPACT (Kia Ceed STW (CWMR))","08/06/2023","11/06/2023","3","Lisbon Airport","Lisbon Airport","19,20 €","57,59 €"
"DiscoverCars","Europcar","COMPACT (Renault Megane STW (CWMD))","08/06/2023","11/06/2023","3","Lisbon Airport","Lisbon Airport","47,35 €","142,05 €"
"DiscoverCars","Golfauto","INTERMEDIATE (Renault Megane Grandtour (IWMR))","08/06/2023","11/06/2023","3","Lisbon Airport","Lisbon Airport","60,56 €","181,68 €"
"DiscoverCars","Europcar","COMPACT (Fiat Tipo STW (CWMR))","08/06/2023","11/06/2023","3","Lisbon Airport","Lisbon Airport","38,20 €","114,61 €"
"DiscoverCars","Europcar","COMPACT ELITE (Volkswagen Golf STW (DWMD))","08/06/2023","11/06/2023","3","Lisbon Airport","Lisbon Airport","51,26 €","153,78 €"
"DiscoverCars","Enterprise","COMPACT (Renault Megane STW (CWMR))","08/06/2023","11/06/2023","3","Lisbon Airport","Lisbon Airport","39,99 €","119,97 €"
"DiscoverCars","Alamo","COMPACT (Hyundai i30 STW (CWMR))","08/06/2023","11/06/2023","3","Lisbon Airport","Lisbon Airport","39,99 €","119,97 €"
"DiscoverCars","Turisprime","COMPACT (Peugeot 308 STW (CWMR))","09/06/2023","12/06/2023","3","Lisbon Airport","Lisbon Airport","18,89 €","56,68 €"
"DiscoverCars","Drive On","COMPACT (Opel Astra SW (CWMR))","09/06/2023","12/06/2023","3","Lisbon Airport","Lisbon Airport","19,62 €","58,85 €"
"DiscoverCars","Ausocar","COMPACT (Fiat Tipo STW (CWMD))","09/06/2023","12/06/2023","3","Lisbon Airport","Lisbon Airport","45,78 €","137,34 €"
"DiscoverCars","Cael","COMPACT (Renault Megane STW (CWMR))","09/06/2023","12/06/2023","3","Lisbon Airport","Lisbon Airport","30,90 €","92,69 €"
"DiscoverCars","Right Cars","COMPACT (Renault Megane STW (CWMR))","09/06/2023","12/06/2023","3","Lisbon Airport","Lisbon Airport","21,29 €","63,86 €"
"DiscoverCars","Greenmotion","COMPACT (Fiat Tipo STW (CWMR))","09/06/2023","12/06/2023","3","Lisbon Airport","Lisbon Airport","19,85 €","59,56 €"
"DiscoverCars","Drivalia","COMPACT (Seat Leon STW (CWMD))","09/06/2023","12/06/2023","3","Lisbon Airport","Lisbon Airport","28,99 €","86,98 €"
"DiscoverCars","Berent","INTERMEDIATE (Renault Megane Grandtour (IWMR))","09/06/2023","12/06/2023","3","Lisbon Airport","Lisbon Airport","20,90 €","62,69 €"
"DiscoverCars","Carwiz","COMPACT (Fiat Tipo STW (CWMR))","09/06/2023","12/06/2023","3","Lisbon Airport","Lisbon Airport","18,23 €","54,70 €"
"DiscoverCars","Bravacar","INTERMEDIATE (Renault Megane Grandtour (IWMD))","09/06/2023","12/06/2023","3","Lisbon Airport","Lisbon Airport","19,29 €","57,86 €"
"DiscoverCars","Crc","COMPACT (Peugeot 308 STW (CWMR))","09/06/2023","12/06/2023","3","Lisbon Airport","Lisbon Airport","58,59 €","175,77 €"
"DiscoverCars","Surprice","ECONOMY (Ford Focus STW (EWMV))","09/06/2023","12/06/2023","3","Lisbon Airport","Lisbon Airport","47,31 €","141,93 €"
"DiscoverCars","Rentauto","INTERMEDIATE (Peugeot 308 SW Estate (IWMV))","09/06/2023","12/06/2023","3","Lisbon Airport","Lisbon Airport","54,50 €","163,49 €"
"DiscoverCars","Movyng","COMPACT (Ford Focus STW (CWMD))","09/06/2023","12/06/2023","3","Lisbon Airport","Lisbon Airport","81,51 €","244,54 €"
"DiscoverCars","Golfauto","INTERMEDIATE (Renault Megane Grandtour (IWMV))","09/06/2023","12/06/2023","3","Lisbon Airport","Lisbon Airport","60,58 €","181,75 €"
"DiscoverCars","Keddy","COMPACT (Peugeot 308 STW (CWMD))","09/06/2023","12/06/2023","3","Lisbon Airport","Lisbon Airport","45,28 €","135,84 €"
"DiscoverCars","Golfauto","COMPACT (Ford Focus STW (CWMV))","09/06/2023","12/06/2023","3","Lisbon Airport","Lisbon Airport","60,57 €","181,72 €"
"DiscoverCars","Surprice","ECONOMY (Renault Megane STW (EWMR))","09/06/2023","12/06/2023","3","Lisbon Airport","Lisbon Airport","47,67 €","143,01 €"
"DiscoverCars","Klass Wagen","COMPACT (Kia Ceed STW (CWMR))","09/06/2023","12/06/2023","3","Lisbon Airport","Lisbon Airport","19,20 €","57,59 €"
"DiscoverCars","Europcar","COMPACT (Renault Megane STW (CWMD))","09/06/2023","12/06/2023","3","Lisbon Airport","Lisbon Airport","47,35 €","142,05 €"
"DiscoverCars","Golfauto","INTERMEDIATE (Renault Megane Grandtour (IWMR))","09/06/2023","12/06/2023","3","Lisbon Airport","Lisbon Airport","60,56 €","181,68 €"
"DiscoverCars","Europcar","COMPACT (Fiat Tipo STW (CWMR))","09/06/2023","12/06/2023","3","Lisbon Airport","Lisbon Airport","38,20 €","114,61 €"
"DiscoverCars","Europcar","COMPACT ELITE (Volkswagen Golf STW (DWMD))","09/06/2023","12/06/2023","3","Lisbon Airport","Lisbon Airport","51,26 €","153,78 €"
"DiscoverCars","Enterprise","COMPACT (Renault Megane STW (CWMR))","09/06/2023","12/06/2023","3","Lisbon Airport","Lisbon Airport","39,99 €","119,97 €"
"DiscoverCars","Alamo","COMPACT (Hyundai i30 STW (CWMR))","09/06/2023","12/06/2023","3","Lisbon Airport","Lisbon Airport","41,55 €","124,64 €"
"DiscoverCars","First Rent","INTERMEDIATE (Peugeot 308 SW Estate (IWMR))","09/06/2023","12/06/2023","3","Lisbon Airport","Lisbon Airport","114,41 €","343,24 €"
"DiscoverCars","Turisprime","COMPACT (Peugeot 308 STW (CWMR))","10/06/2023","13/06/2023","3","Lisbon Airport","Lisbon Airport","18,89 €","56,68 €"
"DiscoverCars","Drive On","COMPACT (Opel Astra SW (CWMR))","10/06/2023","13/06/2023","3","Lisbon Airport","Lisbon Airport","19,62 €","58,85 €"
"DiscoverCars","Cael","COMPACT (Renault Megane STW (CWMR))","10/06/2023","13/06/2023","3","Lisbon Airport","Lisbon Airport","30,90 €","92,69 €"
"DiscoverCars","Right Cars","COMPACT (Renault Megane STW (CWMR))","10/06/2023","13/06/2023","3","Lisbon Airport","Lisbon Airport","21,29 €","63,86 €"
"DiscoverCars","Greenmotion","COMPACT (Fiat Tipo STW (CWMR))","10/06/2023","13/06/2023","3","Lisbon Airport","Lisbon Airport","19,85 €","59,56 €"
"DiscoverCars","Berent","INTERMEDIATE (Renault Megane Grandtour (IWMR))","10/06/2023","13/06/2023","3","Lisbon Airport","Lisbon Airport","20,90 €","62,69 €"
"DiscoverCars","Drivalia","COMPACT (Seat Leon STW (CWMD))","10/06/2023","13/06/2023","3","Lisbon Airport","Lisbon Airport","28,99 €","86,98 €"
"DiscoverCars","Carwiz","COMPACT (Fiat Tipo STW (CWMR))","10/06/2023","13/06/2023","3","Lisbon Airport","Lisbon Airport","29,90 €","89,69 €"
"DiscoverCars","Bravacar","INTERMEDIATE (Renault Megane Grandtour (IWMD))","10/06/2023","13/06/2023","3","Lisbon Airport","Lisbon Airport","19,29 €","57,86 €"
"DiscoverCars","Crc","COMPACT (Peugeot 308 STW (CWMR))","10/06/2023","13/06/2023","3","Lisbon Airport","Lisbon Airport","58,59 €","175,77 €"
"DiscoverCars","Movyng","COMPACT (Ford Focus STW (CWMD))","10/06/2023","13/06/2023","3","Lisbon Airport","Lisbon Airport","81,51 €","244,54 €"
"DiscoverCars","Rentauto","INTERMEDIATE (Peugeot 308 SW Estate (IWMV))","10/06/2023","13/06/2023","3","Lisbon Airport","Lisbon Airport","54,50 €","163,49 €"
"DiscoverCars","Drive On","INTERMEDIATE (Volkswagen Golf STW (IWMD))","10/06/2023","13/06/2023","3","Lisbon Airport","Lisbon Airport","20,12 €","60,35 €"
"DiscoverCars","Keddy","COMPACT (Peugeot 308 STW (CWMD))","10/06/2023","13/06/2023","3","Lisbon Airport","Lisbon Airport","45,28 €","135,84 €"
"DiscoverCars","Klass Wagen","COMPACT (Kia Ceed STW (CWMR))","10/06/2023","13/06/2023","3","Lisbon Airport","Lisbon Airport","19,20 €","57,59 €"
"DiscoverCars","Europcar","COMPACT (Renault Megane STW (CWMD))","10/06/2023","13/06/2023","3","Lisbon Airport","Lisbon Airport","47,35 €","142,05 €"
"DiscoverCars","Europcar","COMPACT (Fiat Tipo STW (CWMR))","10/06/2023","13/06/2023","3","Lisbon Airport","Lisbon Airport","38,20 €","114,61 €"
"DiscoverCars","Europcar","COMPACT ELITE (Volkswagen Golf STW (DWMD))","10/06/2023","13/06/2023","3","Lisbon Airport","Lisbon Airport","51,26 €","153,78 €"
"DiscoverCars","Enterprise","COMPACT (Renault Megane STW (CWMR))","10/06/2023","13/06/2023","3","Lisbon Airport","Lisbon Airport","39,99 €","119,97 €"
"DiscoverCars","Epi","COMPACT (Ford Focus STW (CWMR))","10/06/2023","13/06/2023","3","Lisbon Airport","Lisbon Airport","41,06 €","123,17 €"
"DiscoverCars","Alamo","COMPACT (Hyundai i30 STW (CWMR))","10/06/2023","13/06/2023","3","Lisbon Airport","Lisbon Airport","41,55 €","124,64 €"
"DiscoverCars","Turisprime","COMPACT (Peugeot 308 STW (CWMR))","11/06/2023","14/06/2023","3","Lisbon Airport","Lisbon Airport","18,89 €","56,68 €"
"DiscoverCars","Right Cars","COMPACT (Renault Megane STW (CWMR))","11/06/2023","14/06/2023","3","Lisbon Airport","Lisbon Airport","21,29 €","63,86 €"
"DiscoverCars","Drive On","COMPACT (Opel Astra SW (CWMR))","11/06/2023","14/06/2023","3","Lisbon Airport","Lisbon Airport","19,62 €","58,85 €"
"DiscoverCars","Cael","COMPACT (Renault Megane STW (CWMR))","11/06/2023","14/06/2023","3","Lisbon Airport","Lisbon Airport","30,90 €","92,69 €"
"DiscoverCars","Greenmotion","COMPACT (Fiat Tipo STW (CWMR))","11/06/2023","14/06/2023","3","Lisbon Airport","Lisbon Airport","19,85 €","59,56 €"
"DiscoverCars","Drivalia","COMPACT (Seat Leon STW (CWMD))","11/06/2023","14/06/2023","3","Lisbon Airport","Lisbon Airport","28,99 €","86,98 €"
"DiscoverCars","Berent","INTERMEDIATE (Renault Megane Grandtour (IWMR))","11/06/2023","14/06/2023","3","Lisbon Airport","Lisbon Airport","20,90 €","62,69 €"
"DiscoverCars","Carwiz","COMPACT (Fiat Tipo STW (CWMR))","11/06/2023","14/06/2023","3","Lisbon Airport","Lisbon Airport","18,23 €","54,70 €"
"DiscoverCars","Bravacar","INTERMEDIATE (Renault Megane Grandtour (IWMD))","11/06/2023","14/06/2023","3","Lisbon Airport","Lisbon Airport","19,29 €","57,86 €"
"DiscoverCars","Crc","COMPACT (Peugeot 308 STW (CWMR))","11/06/2023","14/06/2023","3","Lisbon Airport","Lisbon Airport","58,59 €","175,77 €"
"DiscoverCars","Movyng","COMPACT (Ford Focus STW (CWMD))","11/06/2023","14/06/2023","3","Lisbon Airport","Lisbon Airport","81,51 €","244,54 €"
"DiscoverCars","Rentauto","INTERMEDIATE (Peugeot 308 SW Estate (IWMV))","11/06/2023","14/06/2023","3","Lisbon Airport","Lisbon Airport","54,50 €","163,49 €"
"DiscoverCars","Drive On","INTERMEDIATE (Volkswagen Golf STW (IWMD))","11/06/2023","14/06/2023","3","Lisbon Airport","Lisbon Airport","20,12 €","60,35 €"
"DiscoverCars","Golfauto","INTERMEDIATE (Renault Megane Grandtour (IWMV))","11/06/2023","14/06/2023","3","Lisbon Airport","Lisbon Airport","60,58 €","181,75 €"
"DiscoverCars","Keddy","COMPACT (Peugeot 308 STW (CWMD))","11/06/2023","14/06/2023","3","Lisbon Airport","Lisbon Airport","45,28 €","135,84 €"
"DiscoverCars","Golfauto","COMPACT (Ford Focus STW (CWMV))","11/06/2023","14/06/2023","3","Lisbon Airport","Lisbon Airport","60,57 €","181,72 €"
"DiscoverCars","Klass Wagen","COMPACT (Kia Ceed STW (CWMR))","11/06/2023","14/06/2023","3","Lisbon Airport","Lisbon Airport","19,20 €","57,59 €"
"DiscoverCars","Europcar","COMPACT (Renault Megane STW (CWMD))","11/06/2023","14/06/2023","3","Lisbon Airport","Lisbon Airport","47,35 €","142,05 €"
"DiscoverCars","Golfauto","INTERMEDIATE (Renault Megane Grandtour (IWMR))","11/06/2023","14/06/2023","3","Lisbon Airport","Lisbon Airport","60,56 €","181,68 €"
"DiscoverCars","Europcar","COMPACT (Fiat Tipo STW (CWMR))","11/06/2023","14/06/2023","3","Lisbon Airport","Lisbon Airport","38,20 €","114,61 €"
"DiscoverCars","Europcar","COMPACT ELITE (Volkswagen Golf STW (DWMD))","11/06/2023","14/06/2023","3","Lisbon Airport","Lisbon Airport","51,26 €","153,78 €"
"DiscoverCars","Enterprise","COMPACT (Renault Megane STW (CWMR))","11/06/2023","14/06/2023","3","Lisbon Airport","Lisbon Airport","39,99 €","119,97 €"
"DiscoverCars","Epi","COMPACT (Ford Focus STW (CWMR))","11/06/2023","14/06/2023","3","Lisbon Airport","Lisbon Airport","41,06 €","123,17 €"
"DiscoverCars","Alamo","COMPACT (Hyundai i30 STW (CWMR))","11/06/2023","14/06/2023","3","Lisbon Airport","Lisbon Airport","48,35 €","145,06 €"
"DiscoverCars","First Rent","INTERMEDIATE (Peugeot 308 SW Estate (IWMR))","11/06/2023","14/06/2023","3","Lisbon Airport","Lisbon Airport","129,38 €","388,14 €"
"DiscoverCars","Turisprime","COMPACT (Peugeot 308 STW (CWMR))","12/06/2023","15/06/2023","3","Lisbon Airport","Lisbon Airport","18,89 €","56,68 €"
"DiscoverCars","Ausocar","COMPACT (Fiat Tipo STW (CWMD))","12/06/2023","15/06/2023","3","Lisbon Airport","Lisbon Airport","45,78 €","137,34 €"
"DiscoverCars","Drive On","COMPACT (Opel Astra SW (CWMR))","12/06/2023","15/06/2023","3","Lisbon Airport","Lisbon Airport","19,62 €","58,85 €"
"DiscoverCars","Right Cars","COMPACT (Renault Megane STW (CWMR))","12/06/2023","15/06/2023","3","Lisbon Airport","Lisbon Airport","21,29 €","63,86 €"
"DiscoverCars","Cael","COMPACT (Renault Megane STW (CWMR))","12/06/2023","15/06/2023","3","Lisbon Airport","Lisbon Airport","30,90 €","92,69 €"
"DiscoverCars","Greenmotion","COMPACT (Fiat Tipo STW (CWMR))","12/06/2023","15/06/2023","3","Lisbon Airport","Lisbon Airport","18,67 €","56,00 €"
"DiscoverCars","Berent","INTERMEDIATE (Renault Megane Grandtour (IWMR))","12/06/2023","15/06/2023","3","Lisbon Airport","Lisbon Airport","20,90 €","62,69 €"
"DiscoverCars","Drivalia","COMPACT (Seat Leon STW (CWMD))","12/06/2023","15/06/2023","3","Lisbon Airport","Lisbon Airport","28,99 €","86,98 €"
"DiscoverCars","Carwiz","COMPACT (Fiat Tipo STW (CWMR))","12/06/2023","15/06/2023","3","Lisbon Airport","Lisbon Airport","18,23 €","54,70 €"
"DiscoverCars","Bravacar","INTERMEDIATE (Renault Megane Grandtour (IWMD))","12/06/2023","15/06/2023","3","Lisbon Airport","Lisbon Airport","19,29 €","57,86 €"
"DiscoverCars","Crc","COMPACT (Peugeot 308 STW (CWMR))","12/06/2023","15/06/2023","3","Lisbon Airport","Lisbon Airport","58,59 €","175,77 €"
"DiscoverCars","Rentauto","INTERMEDIATE (Peugeot 308 SW Estate (IWMV))","12/06/2023","15/06/2023","3","Lisbon Airport","Lisbon Airport","54,50 €","163,49 €"
"DiscoverCars","Movyng","COMPACT (Ford Focus STW (CWMD))","12/06/2023","15/06/2023","3","Lisbon Airport","Lisbon Airport","81,51 €","244,54 €"
"DiscoverCars","Golfauto","INTERMEDIATE (Renault Megane Grandtour (IWMV))","12/06/2023","15/06/2023","3","Lisbon Airport","Lisbon Airport","60,58 €","181,75 €"
"DiscoverCars","Keddy","COMPACT (Peugeot 308 STW (CWMD))","12/06/2023","15/06/2023","3","Lisbon Airport","Lisbon Airport","45,28 €","135,84 €"
"DiscoverCars","Golfauto","COMPACT (Ford Focus STW (CWMV))","12/06/2023","15/06/2023","3","Lisbon Airport","Lisbon Airport","60,57 €","181,72 €"
"DiscoverCars","Klass Wagen","COMPACT (Kia Ceed STW (CWMR))","12/06/2023","15/06/2023","3","Lisbon Airport","Lisbon Airport","19,20 €","57,59 €"
"DiscoverCars","Europcar","COMPACT (Renault Megane STW (CWMD))","12/06/2023","15/06/2023","3","Lisbon Airport","Lisbon Airport","47,35 €","142,05 €"
"DiscoverCars","Golfauto","INTERMEDIATE (Renault Megane Grandtour (IWMR))","12/06/2023","15/06/2023","3","Lisbon Airport","Lisbon Airport","60,56 €","181,68 €"
"DiscoverCars","Europcar","COMPACT (Fiat Tipo STW (CWMR))","12/06/2023","15/06/2023","3","Lisbon Airport","Lisbon Airport","38,20 €","114,61 €"
"DiscoverCars","Europcar","COMPACT ELITE (Volkswagen Golf STW (DWMD))","12/06/2023","15/06/2023","3","Lisbon Airport","Lisbon Airport","51,26 €","153,78 €"
"DiscoverCars","Enterprise","COMPACT (Renault Megane STW (CWMR))","12/06/2023","15/06/2023","3","Lisbon Airport","Lisbon Airport","39,99 €","119,97 €"
"DiscoverCars","Epi","COMPACT (Ford Focus STW (CWMR))","12/06/2023","15/06/2023","3","Lisbon Airport","Lisbon Airport","41,06 €","123,17 €"
"DiscoverCars","Alamo","COMPACT (Hyundai i30 STW (CWMR))","12/06/2023","15/06/2023","3","Lisbon Airport","Lisbon Airport","39,99 €","119,97 €"
"DiscoverCars","First Rent","INTERMEDIATE (Peugeot 308 SW Estate (IWMR))","12/06/2023","15/06/2023","3","Lisbon Airport","Lisbon Airport","114,41 €","343,24 €"
"DiscoverCars","Europcar","COMPACT (Fiat Tipo STW (CWMR))","15/06/2023","18/06/2023","3","Lisbon Airport","Lisbon Airport","38,20 €","114,61 €"
"DiscoverCars","Klass Wagen","COMPACT (Kia Ceed STW (CWMR))","15/06/2023","18/06/2023","3","Lisbon Airport","Lisbon Airport","19,20 €","57,59 €"
"DiscoverCars","Europcar","COMPACT (Renault Megane STW (CWMD))","15/06/2023","18/06/2023","3","Lisbon Airport","Lisbon Airport","47,35 €","142,05 €"
"DiscoverCars","Enterprise","COMPACT (Renault Megane STW (CWMR))","15/06/2023","18/06/2023","3","Lisbon Airport","Lisbon Airport","39,99 €","119,97 €"
"DiscoverCars","Europcar","COMPACT ELITE (Volkswagen Golf STW (DWMD))","15/06/2023","18/06/2023","3","Lisbon Airport","Lisbon Airport","51,26 €","153,78 €"
"DiscoverCars","Golfauto","INTERMEDIATE (Renault Megane Grandtour (IWMV))","15/06/2023","18/06/2023","3","Lisbon Airport","Lisbon Airport","60,58 €","181,75 €"
"DiscoverCars","Turisprime","COMPACT (Peugeot 308 STW (CWMR))","15/06/2023","18/06/2023","3","Lisbon Airport","Lisbon Airport","18,89 €","56,68 €"
"DiscoverCars","Keddy","COMPACT (Peugeot 308 STW (CWMD))","15/06/2023","18/06/2023","3","Lisbon Airport","Lisbon Airport","45,28 €","135,84 €"
"DiscoverCars","Greenmotion","COMPACT (Fiat Tipo STW (CWMR))","15/06/2023","18/06/2023","3","Lisbon Airport","Lisbon Airport","27,77 €","83,30 €"
"DiscoverCars","Golfauto","COMPACT (Ford Focus STW (CWMV))","15/06/2023","18/06/2023","3","Lisbon Airport","Lisbon Airport","60,57 €","181,72 €"
"DiscoverCars","Berent","INTERMEDIATE (Renault Megane Grandtour (IWMR))","15/06/2023","18/06/2023","3","Lisbon Airport","Lisbon Airport","20,90 €","62,69 €"
"DiscoverCars","Golfauto","INTERMEDIATE (Renault Megane Grandtour (IWMR))","15/06/2023","18/06/2023","3","Lisbon Airport","Lisbon Airport","60,56 €","181,68 €"
"DiscoverCars","Bravacar","INTERMEDIATE (Renault Megane Grandtour (IWMD))","15/06/2023","18/06/2023","3","Lisbon Airport","Lisbon Airport","19,29 €","57,86 €"
"DiscoverCars","Carwiz","COMPACT (Fiat Tipo STW (CWMR))","15/06/2023","18/06/2023","3","Lisbon Airport","Lisbon Airport","18,23 €","54,70 €"
"DiscoverCars","Drive On","COMPACT (Opel Astra SW (CWMR))","15/06/2023","18/06/2023","3","Lisbon Airport","Lisbon Airport","25,10 €","75,29 €"
"DiscoverCars","Right Cars","COMPACT (Renault Megane STW (CWMR))","15/06/2023","18/06/2023","3","Lisbon Airport","Lisbon Airport","21,29 €","63,86 €"
"DiscoverCars","Cael","COMPACT (Renault Megane STW (CWMR))","15/06/2023","18/06/2023","3","Lisbon Airport","Lisbon Airport","30,90 €","92,69 €"
"DiscoverCars","Crc","COMPACT (Peugeot 308 STW (CWMR))","15/06/2023","18/06/2023","3","Lisbon Airport","Lisbon Airport","58,59 €","175,77 €"
"DiscoverCars","Rentauto","INTERMEDIATE (Peugeot 308 SW Estate (IWMV))","15/06/2023","18/06/2023","3","Lisbon Airport","Lisbon Airport","54,50 €","163,49 €"
"DiscoverCars","Movyng","COMPACT (Ford Focus STW (CWMD))","15/06/2023","18/06/2023","3","Lisbon Airport","Lisbon Airport","81,51 €","244,54 €"
"DiscoverCars","Epi","COMPACT (Ford Focus STW (CWMR))","15/06/2023","18/06/2023","3","Lisbon Airport","Lisbon Airport","41,06 €","123,17 €"
"DiscoverCars","Waygo","COMPACT (Fiat Tipo STW (CWMD))","15/06/2023","18/06/2023","3","Lisbon Airport","Lisbon Airport","39,87 €","119,62 €"
"DiscoverCars","Alamo","COMPACT (Hyundai i30 STW (CWMR))","15/06/2023","18/06/2023","3","Lisbon Airport","Lisbon Airport","39,99 €","119,97 €"
"DiscoverCars","Record Go","COMPACT (Opel Astra STW (CWMR))","15/06/2023","18/06/2023","3","Lisbon Airport","Lisbon Airport","18,15 €","54,45 €"
"DiscoverCars","First Rent","INTERMEDIATE (Peugeot 308 SW Estate (IWMR))","15/06/2023","18/06/2023","3","Lisbon Airport","Lisbon Airport","129,38 €","388,14 €"
"DiscoverCars","Waygo","COMPACT (Ford Focus STW (CWMV))","15/06/2023","18/06/2023","3","Lisbon Airport","Lisbon Airport","30,25 €","90,74 €"
"DiscoverCars","Europcar","COMPACT (Fiat Tipo STW (CWMR))","19/06/2023","22/06/2023","3","Lisbon Airport","Lisbon Airport","38,20 €","114,61 €"
"DiscoverCars","Klass Wagen","COMPACT (Kia Ceed STW (CWMR))","19/06/2023","22/06/2023","3","Lisbon Airport","Lisbon Airport","19,20 €","57,59 €"
"DiscoverCars","Surprice","ECONOMY (Ford Focus STW (EWMV))","19/06/2023","22/06/2023","3","Lisbon Airport","Lisbon Airport","50,88 €","152,63 €"
"DiscoverCars","Europcar","COMPACT (Renault Megane STW (CWMD))","19/06/2023","22/06/2023","3","Lisbon Airport","Lisbon Airport","47,35 €","142,05 €"
"DiscoverCars","Enterprise","COMPACT (Renault Megane STW (CWMR))","19/06/2023","22/06/2023","3","Lisbon Airport","Lisbon Airport","39,99 €","119,97 €"
"DiscoverCars","Europcar","COMPACT ELITE (Volkswagen Golf STW (DWMD))","19/06/2023","22/06/2023","3","Lisbon Airport","Lisbon Airport","51,26 €","153,78 €"
"DiscoverCars","Surprice","ECONOMY (Renault Megane STW (EWMR))","19/06/2023","22/06/2023","3","Lisbon Airport","Lisbon Airport","51,64 €","154,92 €"
"DiscoverCars","Golfauto","INTERMEDIATE (Renault Megane Grandtour (IWMV))","19/06/2023","22/06/2023","3","Lisbon Airport","Lisbon Airport","60,58 €","181,75 €"
"DiscoverCars","Turisprime","COMPACT (Peugeot 308 STW (CWMR))","19/06/2023","22/06/2023","3","Lisbon Airport","Lisbon Airport","18,89 €","56,68 €"
"DiscoverCars","Keddy","COMPACT (Peugeot 308 STW (CWMD))","19/06/2023","22/06/2023","3","Lisbon Airport","Lisbon Airport","45,28 €","135,84 €"
"DiscoverCars","Greenmotion","COMPACT (Fiat Tipo STW (CWMR))","19/06/2023","22/06/2023","3","Lisbon Airport","Lisbon Airport","27,77 €","83,30 €"
"DiscoverCars","Golfauto","COMPACT (Ford Focus STW (CWMV))","19/06/2023","22/06/2023","3","Lisbon Airport","Lisbon Airport","60,57 €","181,72 €"
"DiscoverCars","Berent","INTERMEDIATE (Renault Megane Grandtour (IWMR))","19/06/2023","22/06/2023","3","Lisbon Airport","Lisbon Airport","20,90 €","62,69 €"
"DiscoverCars","Golfauto","INTERMEDIATE (Renault Megane Grandtour (IWMR))","19/06/2023","22/06/2023","3","Lisbon Airport","Lisbon Airport","60,56 €","181,68 €"
"DiscoverCars","Bravacar","INTERMEDIATE (Renault Megane Grandtour (IWMD))","19/06/2023","22/06/2023","3","Lisbon Airport","Lisbon Airport","19,29 €","57,86 €"
"DiscoverCars","Carwiz","COMPACT (Fiat Tipo STW (CWMR))","19/06/2023","22/06/2023","3","Lisbon Airport","Lisbon Airport","18,69 €","56,07 €"
"DiscoverCars","Drivalia","COMPACT (Seat Leon STW (CWMD))","19/06/2023","22/06/2023","3","Lisbon Airport","Lisbon Airport","28,99 €","86,98 €"
"DiscoverCars","Right Cars","COMPACT (Renault Megane STW (CWMR))","19/06/2023","22/06/2023","3","Lisbon Airport","Lisbon Airport","21,29 €","63,86 €"
"DiscoverCars","Drive On","COMPACT (Opel Astra SW (CWMR))","19/06/2023","22/06/2023","3","Lisbon Airport","Lisbon Airport","25,10 €","75,29 €"
"DiscoverCars","Ausocar","COMPACT (Fiat Tipo STW (CWMD))","19/06/2023","22/06/2023","3","Lisbon Airport","Lisbon Airport","45,78 €","137,34 €"
"DiscoverCars","Cael","COMPACT (Renault Megane STW (CWMR))","19/06/2023","22/06/2023","3","Lisbon Airport","Lisbon Airport","30,90 €","92,69 €"
"DiscoverCars","Crc","COMPACT (Peugeot 308 STW (CWMR))","19/06/2023","22/06/2023","3","Lisbon Airport","Lisbon Airport","58,59 €","175,77 €"
"DiscoverCars","Rentauto","INTERMEDIATE (Peugeot 308 SW Estate (IWMV))","19/06/2023","22/06/2023","3","Lisbon Airport","Lisbon Airport","69,04 €","207,11 €"
"DiscoverCars","Movyng","COMPACT (Ford Focus STW (CWMD))","19/06/2023","22/06/2023","3","Lisbon Airport","Lisbon Airport","81,51 €","244,54 €"
"DiscoverCars","Waygo","COMPACT (Fiat Tipo STW (CWMD))","19/06/2023","22/06/2023","3","Lisbon Airport","Lisbon Airport","39,87 €","119,62 €"
"DiscoverCars","Alamo","COMPACT (Hyundai i30 STW (CWMR))","19/06/2023","22/06/2023","3","Lisbon Airport","Lisbon Airport","43,09 €","129,28 €"
"DiscoverCars","Record Go","COMPACT (Opel Astra STW (CWMR))","19/06/2023","22/06/2023","3","Lisbon Airport","Lisbon Airport","18,15 €","54,45 €"
"DiscoverCars","First Rent","INTERMEDIATE (Peugeot 308 SW Estate (IWMR))","19/06/2023","22/06/2023","3","Lisbon Airport","Lisbon Airport","114,41 €","343,24 €"
"DiscoverCars","Waygo","COMPACT (Ford Focus STW (CWMV))","19/06/2023","22/06/2023","3","Lisbon Airport","Lisbon Airport","30,25 €","90,74 €"
"DiscoverCars","Europcar","COMPACT (Fiat Tipo STW (CWMR))","22/06/2023","25/06/2023","3","Lisbon Airport","Lisbon Airport","80,51 €","241,53 €"
"DiscoverCars","Klass Wagen","COMPACT (Kia Ceed STW (CWMR))","22/06/2023","25/06/2023","3","Lisbon Airport","Lisbon Airport","19,90 €","59,69 €"
"DiscoverCars","Drive On","INTERMEDIATE (Volkswagen Golf STW (IWMD))","22/06/2023","25/06/2023","3","Lisbon Airport","Lisbon Airport","26,30 €","78,90 €"
"DiscoverCars","Surprice","ECONOMY (Ford Focus STW (EWMV))","22/06/2023","25/06/2023","3","Lisbon Airport","Lisbon Airport","22,27 €","66,80 €"
"DiscoverCars","Europcar","COMPACT (Renault Megane STW (CWMD))","22/06/2023","25/06/2023","3","Lisbon Airport","Lisbon Airport","99,90 €","299,71 €"
"DiscoverCars","Enterprise","COMPACT (Renault Megane STW (CWMR))","22/06/2023","25/06/2023","3","Lisbon Airport","Lisbon Airport","47,55 €","142,64 €"
"DiscoverCars","Europcar","COMPACT ELITE (Volkswagen Golf STW (DWMD))","22/06/2023","25/06/2023","3","Lisbon Airport","Lisbon Airport","109,25 €","327,74 €"
"DiscoverCars","Golfauto","INTERMEDIATE (Renault Megane Grandtour (IWMV))","22/06/2023","25/06/2023","3","Lisbon Airport","Lisbon Airport","60,58 €","181,75 €"
"DiscoverCars","Surprice","ECONOMY (Renault Megane STW (EWMR))","22/06/2023","25/06/2023","3","Lisbon Airport","Lisbon Airport","65,20 €","195,59 €"
"DiscoverCars","Turisprime","COMPACT (Peugeot 308 STW (CWMR))","22/06/2023","25/06/2023","3","Lisbon Airport","Lisbon Airport","19,59 €","58,78 €"
"DiscoverCars","Keddy","COMPACT (Peugeot 308 STW (CWMD))","22/06/2023","25/06/2023","3","Lisbon Airport","Lisbon Airport","93,16 €","279,47 €"
"DiscoverCars","Greenmotion","COMPACT (Fiat Tipo STW (CWMR))","22/06/2023","25/06/2023","3","Lisbon Airport","Lisbon Airport","28,47 €","85,40 €"
"DiscoverCars","Golfauto","COMPACT (Ford Focus STW (CWMV))","22/06/2023","25/06/2023","3","Lisbon Airport","Lisbon Airport","60,57 €","181,72 €"
"DiscoverCars","Golfauto","INTERMEDIATE (Renault Megane Grandtour (IWMR))","22/06/2023","25/06/2023","3","Lisbon Airport","Lisbon Airport","60,56 €","181,68 €"
"DiscoverCars","Bravacar","INTERMEDIATE (Renault Megane Grandtour (IWMD))","22/06/2023","25/06/2023","3","Lisbon Airport","Lisbon Airport","19,99 €","59,96 €"
"DiscoverCars","Carwiz","COMPACT (Fiat Tipo STW (CWMR))","22/06/2023","25/06/2023","3","Lisbon Airport","Lisbon Airport","19,39 €","58,17 €"
"DiscoverCars","Drivalia","COMPACT (Seat Leon STW (CWMD))","22/06/2023","25/06/2023","3","Lisbon Airport","Lisbon Airport","29,69 €","89,08 €"
"DiscoverCars","Drive On","COMPACT (Opel Astra SW (CWMR))","22/06/2023","25/06/2023","3","Lisbon Airport","Lisbon Airport","25,80 €","77,39 €"
"DiscoverCars","Right Cars","COMPACT (Renault Megane STW (CWMR))","22/06/2023","25/06/2023","3","Lisbon Airport","Lisbon Airport","21,99 €","65,96 €"
"DiscoverCars","Cael","COMPACT (Renault Megane STW (CWMR))","22/06/2023","25/06/2023","3","Lisbon Airport","Lisbon Airport","31,60 €","94,79 €"
"DiscoverCars","Crc","COMPACT (Peugeot 308 STW (CWMR))","22/06/2023","25/06/2023","3","Lisbon Airport","Lisbon Airport","58,59 €","175,77 €"
"DiscoverCars","Rentauto","INTERMEDIATE (Peugeot 308 SW Estate (IWMV))","22/06/2023","25/06/2023","3","Lisbon Airport","Lisbon Airport","69,04 €","207,11 €"
"DiscoverCars","Movyng","COMPACT (Ford Focus STW (CWMD))","22/06/2023","25/06/2023","3","Lisbon Airport","Lisbon Airport","81,51 €","244,54 €"
"DiscoverCars","Epi","COMPACT (Ford Focus STW (CWMR))","22/06/2023","25/06/2023","3","Lisbon Airport","Lisbon Airport","41,26 €","123,79 €"
"DiscoverCars","Waygo","COMPACT (Fiat Tipo STW (CWMD))","22/06/2023","25/06/2023","3","Lisbon Airport","Lisbon Airport","40,18 €","120,53 €"
"DiscoverCars","Alamo","COMPACT (Hyundai i30 STW (CWMR))","22/06/2023","25/06/2023","3","Lisbon Airport","Lisbon Airport","48,04 €","144,11 €"
"DiscoverCars","First Rent","INTERMEDIATE (Peugeot 308 SW Estate (IWMR))","22/06/2023","25/06/2023","3","Lisbon Airport","Lisbon Airport","129,38 €","388,14 €"
"DiscoverCars","Waygo","COMPACT (Ford Focus STW (CWMV))","22/06/2023","25/06/2023","3","Lisbon Airport","Lisbon Airport","30,95 €","92,84 €"
"DiscoverCars","Europcar","COMPACT (Fiat Tipo STW (CWMR))","26/06/2023","29/06/2023","3","Lisbon Airport","Lisbon Airport","80,51 €","241,53 €"
"DiscoverCars","Klass Wagen","COMPACT (Kia Ceed STW (CWMR))","26/06/2023","29/06/2023","3","Lisbon Airport","Lisbon Airport","26,40 €","79,19 €"
"DiscoverCars","Drive On","INTERMEDIATE (Volkswagen Golf STW (IWMD))","26/06/2023","29/06/2023","3","Lisbon Airport","Lisbon Airport","26,30 €","78,90 €"
"DiscoverCars","Europcar","COMPACT (Renault Megane STW (CWMD))","26/06/2023","29/06/2023","3","Lisbon Airport","Lisbon Airport","99,90 €","299,71 €"
"DiscoverCars","Enterprise","COMPACT (Renault Megane STW (CWMR))","26/06/2023","29/06/2023","3","Lisbon Airport","Lisbon Airport","47,01 €","141,04 €"
"DiscoverCars","Europcar","COMPACT ELITE (Volkswagen Golf STW (DWMD))","26/06/2023","29/06/2023","3","Lisbon Airport","Lisbon Airport","109,25 €","327,74 €"
"DiscoverCars","Golfauto","INTERMEDIATE (Renault Megane Grandtour (IWMV))","26/06/2023","29/06/2023","3","Lisbon Airport","Lisbon Airport","60,58 €","181,75 €"
"DiscoverCars","Turisprime","COMPACT (Peugeot 308 STW (CWMR))","26/06/2023","29/06/2023","3","Lisbon Airport","Lisbon Airport","19,59 €","58,78 €"
"DiscoverCars","Keddy","COMPACT (Peugeot 308 STW (CWMD))","26/06/2023","29/06/2023","3","Lisbon Airport","Lisbon Airport","93,16 €","279,47 €"
"DiscoverCars","Greenmotion","COMPACT (Fiat Tipo STW (CWMR))","26/06/2023","29/06/2023","3","Lisbon Airport","Lisbon Airport","28,47 €","85,40 €"
"DiscoverCars","Golfauto","COMPACT (Ford Focus STW (CWMV))","26/06/2023","29/06/2023","3","Lisbon Airport","Lisbon Airport","60,57 €","181,72 €"
"DiscoverCars","Golfauto","INTERMEDIATE (Renault Megane Grandtour (IWMR))","26/06/2023","29/06/2023","3","Lisbon Airport","Lisbon Airport","60,56 €","181,68 €"
"DiscoverCars","Bravacar","INTERMEDIATE (Renault Megane Grandtour (IWMD))","26/06/2023","29/06/2023","3","Lisbon Airport","Lisbon Airport","19,99 €","59,96 €"
"DiscoverCars","Carwiz","COMPACT (Fiat Tipo STW (CWMR))","26/06/2023","29/06/2023","3","Lisbon Airport","Lisbon Airport","24,15 €","72,45 €"
"DiscoverCars","Right Cars","COMPACT (Renault Megane STW (CWMR))","26/06/2023","29/06/2023","3","Lisbon Airport","Lisbon Airport","21,99 €","65,96 €"
"DiscoverCars","Ausocar","COMPACT (Fiat Tipo STW (CWMD))","26/06/2023","29/06/2023","3","Lisbon Airport","Lisbon Airport","78,48 €","235,44 €"
"DiscoverCars","Cael","COMPACT (Renault Megane STW (CWMR))","26/06/2023","29/06/2023","3","Lisbon Airport","Lisbon Airport","31,60 €","94,79 €"
"DiscoverCars","Crc","COMPACT (Peugeot 308 STW (CWMR))","26/06/2023","29/06/2023","3","Lisbon Airport","Lisbon Airport","58,59 €","175,77 €"
"DiscoverCars","Rentauto","INTERMEDIATE (Peugeot 308 SW Estate (IWMV))","26/06/2023","29/06/2023","3","Lisbon Airport","Lisbon Airport","69,04 €","207,11 €"
"DiscoverCars","Movyng","COMPACT (Ford Focus STW (CWMD))","26/06/2023","29/06/2023","3","Lisbon Airport","Lisbon Airport","81,51 €","244,54 €"
"DiscoverCars","Epi","COMPACT (Ford Focus STW (CWMR))","26/06/2023","29/06/2023","3","Lisbon Airport","Lisbon Airport","41,26 €","123,79 €"
"DiscoverCars","Waygo","COMPACT (Fiat Tipo STW (CWMD))","26/06/2023","29/06/2023","3","Lisbon Airport","Lisbon Airport","40,18 €","120,53 €"
"DiscoverCars","Alamo","COMPACT (Hyundai i30 STW (CWMR))","26/06/2023","29/06/2023","3","Lisbon Airport","Lisbon Airport","43,09 €","129,28 €"
"DiscoverCars","First Rent","INTERMEDIATE (Peugeot 308 SW Estate (IWMR))","26/06/2023","29/06/2023","3","Lisbon Airport","Lisbon Airport","114,41 €","343,24 €"
"DiscoverCars","Waygo","COMPACT (Ford Focus STW (CWMV))","26/06/2023","29/06/2023","3","Lisbon Airport","Lisbon Airport","30,95 €","92,84 €"
"DiscoverCars","Klass Wagen","COMPACT (Kia Ceed STW (CWMR))","29/06/2023","02/07/2023","3","Lisbon Airport","Lisbon Airport","27,10 €","81,29 €"
"DiscoverCars","Europcar","COMPACT (Fiat Tipo STW (CWMR))","29/06/2023","02/07/2023","3","Lisbon Airport","Lisbon Airport","80,51 €","241,53 €"
"DiscoverCars","Europcar","COMPACT (Renault Megane STW (CWMD))","29/06/2023","02/07/2023","3","Lisbon Airport","Lisbon Airport","99,90 €","299,71 €"
"DiscoverCars","Surprice","ECONOMY (Ford Focus STW (EWMV))","29/06/2023","02/07/2023","3","Lisbon Airport","Lisbon Airport","27,38 €","82,13 €"
"DiscoverCars","Enterprise","COMPACT (Renault Megane STW (CWMR))","29/06/2023","02/07/2023","3","Lisbon Airport","Lisbon Airport","78,57 €","235,71 €"
"DiscoverCars","Europcar","COMPACT ELITE (Volkswagen Golf STW (DWMD))","29/06/2023","02/07/2023","3","Lisbon Airport","Lisbon Airport","109,25 €","327,74 €"
"DiscoverCars","Surprice","ECONOMY (Renault Megane STW (EWMR))","29/06/2023","02/07/2023","3","Lisbon Airport","Lisbon Airport","75,25 €","225,74 €"
"DiscoverCars","Golfauto","INTERMEDIATE (Renault Megane Grandtour (IWMV))","29/06/2023","02/07/2023","3","Lisbon Airport","Lisbon Airport","60,58 €","181,75 €"
"DiscoverCars","Turisprime","COMPACT (Peugeot 308 STW (CWMR))","29/06/2023","02/07/2023","3","Lisbon Airport","Lisbon Airport","20,29 €","60,88 €"
"DiscoverCars","Keddy","COMPACT (Peugeot 308 STW (CWMD))","29/06/2023","02/07/2023","3","Lisbon Airport","Lisbon Airport","93,16 €","279,47 €"
"DiscoverCars","Greenmotion","COMPACT (Fiat Tipo STW (CWMR))","29/06/2023","02/07/2023","3","Lisbon Airport","Lisbon Airport","29,17 €","87,50 €"
"DiscoverCars","Golfauto","COMPACT (Ford Focus STW (CWMV))","29/06/2023","02/07/2023","3","Lisbon Airport","Lisbon Airport","60,57 €","181,72 €"
"DiscoverCars","Golfauto","INTERMEDIATE (Renault Megane Grandtour (IWMR))","29/06/2023","02/07/2023","3","Lisbon Airport","Lisbon Airport","60,56 €","181,68 €"
"DiscoverCars","Carwiz","COMPACT (Fiat Tipo STW (CWMR))","29/06/2023","02/07/2023","3","Lisbon Airport","Lisbon Airport","24,85 €","74,55 €"
"DiscoverCars","Drivalia","COMPACT (Seat Leon STW (CWMD))","29/06/2023","02/07/2023","3","Lisbon Airport","Lisbon Airport","30,39 €","91,18 €"
"DiscoverCars","Right Cars","COMPACT (Renault Megane STW (CWMR))","29/06/2023","02/07/2023","3","Lisbon Airport","Lisbon Airport","38,82 €","116,45 €"
"DiscoverCars","Cael","COMPACT (Renault Megane STW (CWMR))","29/06/2023","02/07/2023","3","Lisbon Airport","Lisbon Airport","32,30 €","96,89 €"
"DiscoverCars","Crc","COMPACT (Peugeot 308 STW (CWMR))","29/06/2023","02/07/2023","3","Lisbon Airport","Lisbon Airport","58,59 €","175,77 €"
"DiscoverCars","Rentauto","INTERMEDIATE (Peugeot 308 SW Estate (IWMV))","29/06/2023","02/07/2023","3","Lisbon Airport","Lisbon Airport","69,04 €","207,11 €"
"DiscoverCars","Movyng","COMPACT (Ford Focus STW (CWMD))","29/06/2023","02/07/2023","3","Lisbon Airport","Lisbon Airport","81,51 €","244,54 €"
"DiscoverCars","Epi","COMPACT (Ford Focus STW (CWMR))","29/06/2023","02/07/2023","3","Lisbon Airport","Lisbon Airport","41,96 €","125,89 €"
"DiscoverCars","Waygo","COMPACT (Fiat Tipo STW (CWMD))","29/06/2023","02/07/2023","3","Lisbon Airport","Lisbon Airport","73,95 €","221,84 €"
"DiscoverCars","Alamo","COMPACT (Hyundai i30 STW (CWMR))","29/06/2023","02/07/2023","3","Lisbon Airport","Lisbon Airport","72,85 €","218,56 €"
"DiscoverCars","First Rent","INTERMEDIATE (Peugeot 308 SW Estate (IWMR))","29/06/2023","02/07/2023","3","Lisbon Airport","Lisbon Airport","129,38 €","388,14 €"
"DiscoverCars","Waygo","COMPACT (Ford Focus STW (CWMV))","29/06/2023","02/07/2023","3","Lisbon Airport","Lisbon Airport","65,04 €","195,12 €"