Channel,Company,VehicleName,VehicleType,berth
Apollo AU,Apollo AU,(Group T) Kia Grand Carnival 8 seater (or similar),Camper,8
Apollo NZ,Apollo NZ,(Group T) Kia Grand Carnival 8 seater (or similar),Camper,8
Apollo NZ,Apollo NZ,(Group K) Kia Carnival 8 seater (or similar),Camper,8
GoSee Camper NZ,Kiwi Campers NZ,7 Berth Mitsubishi Canter,Camper,7
GoSee Camper NZ,Kiwi Campers NZ,7 Berth Mitsubishi Canter,Camper,7
Apollo AU,Apollo AU,Hercules RV - 6 Berth,Camper,6
Apollo AU,Apollo AU,Cheapa 6 Berth,Camper,6
Apollo NZ,Apollo NZ,Hercules RV - 6 Berth,Camper,6
Apollo NZ,Apollo NZ,(Group E) Mazda 6 (or similar),Camper,6
Apollo NZ,Apollo NZ,Cheapa 6 Berth,Camper,6
Britz AU,Britz AU,Vista - 6 Berth Motorhome,Camper,6
Britz AU,Britz AU,Traveller - 6 Berth,Camper,6
Britz AU,Britz AU,FRONTIER 6 BERTH MOTORHOME,Camper,6
Britz AU,Britz AU,Frontier - 6 Berth,Camper,6
Britz NZ,Britz NZ,Frontier - 6 Berth,Camper,6
Britz NZ,Britz NZ,Encounter - 6 Berth,Camper,6
Britz NZ,Britz NZ,Frontier 6 Berth Campervan,Camper,6
Britz NZ,Britz NZ,Vista - 6 Berth,Camper,6
GoSee Camper AU,Apollo Motorhomes AU,Apollo Euro Deluxe 6 berth,Camper,6
GoSee Camper AU,Autosleepers Australia,Dynasty 6 Berth Motorhome,Camper,6
GoSee Camper AU,Autosleepers Australia,KEA River 6 Berth Motorhome,Camper,6
GoSee Camper AU,Autosleepers Australia,Deluxe 6 Berth Motorhome,Camper,6
GoSee Camper AU,Britz Campervan Rentals,Frontier - 6 Berth,Camper,6
GoSee Camper AU,Britz Campervan Summer Fleet AU,6 Berth - Frontier,Camper,6
GoSee Camper AU,Cheapa,Cheapa 6 Berth,Camper,6
GoSee Camper AU,Cheapa Campa AU,Cheapa 6 Berth,Camper,6
GoSee Camper AU,Cheapa Campa AU,Cheapa 6 Berth Motorhome,Camper,6
GoSee Camper AU,Cheapa Campa AU,6 Berth Motorhome,Camper,6
GoSee Camper AU,Cruisin Motorhomes Australia,Discovery - 6 Berth,Camper,6
GoSee Camper AU,Cruisin Motorhomes Australia,6 Berth Discovery,Camper,6
GoSee Camper AU,Cruisin Motorhomes Australia,Cruisin 6 Berth Deluxe,Camper,6
GoSee Camper AU,Cruisin Motorhomes Australia,Cruisin Deluxe - 6 Berth,Camper,6
GoSee Camper AU,GoCheap Campervans Australia,Derwent - 6 Berth,Camper,6
GoSee Camper AU,Let,Jayco Up to 6 Berth Motorhome,Camper,6
GoSee Camper AU,Let,Jayco Up to 6 Berth Journey,Camper,6
GoSee Camper AU,Let,Jayco 6 Berth Royale Motorhome,Camper,6
GoSee Camper AU,Let’s Go Motorhomes AU,Jayco Up to 6 Berth Journey,Camper,6
GoSee Camper AU,Let’s Go Motorhomes AU,Jayco 6 Berth Royale Motorhome,Camper,6
GoSee Camper AU,Let’s Go Motorhomes AU,Journey - Up to 6 Berth Motorhome,Camper,6
GoSee Camper AU,Let’s Go Motorhomes AU,Royale - Luxury 6 Berth Motorhome,Camper,6
GoSee Camper AU,Maui Motorhomes AU,River Elite - 6 Berth,Camper,6
GoSee Camper AU,Maui Motorhomes AU,River - 6 Berth,Camper,6
GoSee Camper AU,Mighty Campers,Big Six - 6 Berth,Camper,6
GoSee Camper AU,Star Rv Au,Polaris 6,Camper,6
GoSee Camper AU,Star RV Australia,Hercules RV - 6 Berth,Camper,6
GoSee Camper NZ,Apollo Motorhomes NZ,Apollo Euro Deluxe - 6 Berth,Camper,6
GoSee Camper NZ,Britz Campervan Rentals NZ,Frontier - 6 Berth,Camper,6
GoSee Camper NZ,Britz Campervan Rentals NZ,6 Berth - Frontier,Camper,6
GoSee Camper NZ,Cheapa,Cheapa 6 Berth,Camper,6
GoSee Camper NZ,Cheapa Campa NZ,Cheapa 6 Berth,Camper,6
GoSee Camper NZ,Discover NZ Motorhomes,6 berth Imala,Camper,6
GoSee Camper NZ,Discover NZ Motorhomes,Autoroller 6,Camper,6
GoSee Camper NZ,Freedom Campers NZ,Path Explorer 6 Berth,Camper,6
GoSee Camper NZ,Kiwi Campers NZ,Kiwi 6 Berth,Camper,6
GoSee Camper NZ,Maui Motorhomes NZ,River - 6 Berth,Camper,6
GoSee Camper NZ,Maui Motorhomes NZ,River Elite - 6 Berth,Camper,6
GoSee Camper NZ,Mighty Campers NZ,6 Berth Big Six,Camper,6
GoSee Camper NZ,Mighty Campers NZ,Big Six - 6 Berth,Camper,6
GoSee Camper NZ,Pacific Horizon Travel Homes,6 Berth SAM Motorhome,Camper,6
GoSee Camper NZ,Pacific Horizon Travel Homes,6 Berth SAM Premium,Camper,6
GoSee Camper NZ,Pacific Horizon Travel Homes,6 Berth SAM,Camper,6
GoSee Camper NZ,Star RV New Zealand,Hercules RV - 6 Berth,Camper,6
GoSee Camper NZ,Star Rv Nz,Polaris 6,Camper,6
GoSee Camper NZ,Tui Campers NZ,Trail Explorer 6 Berth,Camper,6
Maui AU,Maui AU,River elite - 6 Berth,Camper,6
Maui AU,Maui AU,River - 6 Berth,Camper,6
Maui NZ,Maui NZ,River - 6 Berth,Camper,6
Maui NZ,Maui NZ,River elite - 6 Berth,Camper,6
Maui NZ,Maui NZ,Sunset - 6 berth,Camper,6
Mighty AU,Mighty AU,Big Six - 6 Berth,Camper,6
Mighty NZ,Mighty NZ,Big Six - 6 Berth,Camper,6
Britz AU,Britz AU,Safari Auto 4WD - 5 Berth with Rooftop Tent,Camper,5
Britz AU,Britz AU,Outback - 5 Berth 4WD with Tent,Camper,5
GoSee Camper AU,Camperman Australia AU,Paradise 5 HiTop (All Inclusive Rate) $500 EXCESS,Camper,5
GoSee Camper AU,Camperman Australia AU,Juliette 5 HiTop (All Inclusive Rate) $500 EXCESS,Camper,5
GoSee Camper AU,Camperman Australia AU,Family 5 HiTop (All Inclusive Rate) $500 EXCESS,Camper,5
GoSee Camper NZ,Happy Campers NZ,Happy Hi 5,Camper,5
GoSee Camper NZ,Lucky,Happy Hi 5,Camper,5
Apollo AU,Apollo AU,Cheapa 4 Berth,Camper,4
Apollo AU,Apollo AU,Pegasus RV - 4 Berth Slide Out,Camper,4
Apollo AU,Apollo AU,Pandora RV - 4 Berth,Camper,4
Apollo AU,Apollo AU,Star RV US 4 Berth Run of Fleet (22-31FT),Camper,4
Apollo AU,Apollo AU,Star RV US 4 Berth Run of Fleet (22-33FT),Camper,4
Apollo NZ,Apollo NZ,Cheapa 4 Berth,Camper,4
Apollo NZ,Apollo NZ,Pegasus RV - 4 Berth Slide Out,Camper,4
Apollo NZ,Apollo NZ,Star RV US 4 Berth Run of Fleet (22-31FT),Camper,4
Apollo NZ,Apollo NZ,Star RV US 4 Berth Run of Fleet (22-33FT),Camper,4
Apollo NZ,Apollo NZ,Pandora RV - 4 Berth,Camper,4
Britz AU,Britz AU,Voyager 4 Berth Campervan,Camper,4
Britz AU,Britz AU,Explorer - 4 Berth,Camper,4
Britz AU,Britz AU,Discovery - 4 Berth,Camper,4
Britz AU,Britz AU,EXPLORER 4 BERTH MOTORHOME,Camper,4
Britz AU,Britz AU,Voyager - 4 Berth,Camper,4
Britz NZ,Britz NZ,Explorer 4 Berth Campervan,Camper,4
Britz NZ,Britz NZ,Frontier - 4-6 Berth,Camper,4
Britz NZ,Britz NZ,Explorer - 4 Berth,Camper,4
Britz NZ,Britz NZ,Discovery - 4 Berth,Camper,4
Britz NZ,Britz NZ,Voyager 4 Berth Campervan,Camper,4
Britz NZ,Britz NZ,Voyager - 4 Berth,Camper,4
Britz NZ,Britz NZ,Cruiser - 4 Berth,Camper,4
GoSee Camper AU,Apollo Motorhomes AU,Apollo Euro Camper 4 Berth,Camper,4
GoSee Camper AU,Autosleepers Australia,4 Berth HiTop - Forward Facing,Camper,4
GoSee Camper AU,Britz Campervan Rentals,Discovery - 4 Berth,Camper,4
GoSee Camper AU,Britz Campervan Rentals,Explorer - 4 Berth,Camper,4
GoSee Camper AU,Britz Campervan Rentals,Voyager - 4 Berth,Camper,4
GoSee Camper AU,Britz Campervan Rentals,4 Berth Discovery,Camper,4
GoSee Camper AU,Britz Campervan Rentals,4 Berth - Explorer,Camper,4
GoSee Camper AU,Britz Campervan Summer Fleet AU,4 Berth - Explorer,Camper,4
GoSee Camper AU,Britz Campervan Summer Fleet AU,4 Berth Discovery,Camper,4
GoSee Camper AU,Camperman Australia AU,Maxie 4 Berth Deluxe Campervan (All Inclusive Rate) $500 EXCESS,Camper,4
GoSee Camper AU,Cheapa,Cheapa 4 Berth,Camper,4
GoSee Camper AU,Cheapa Campa AU,Cheapa 4 Berth,Camper,4
GoSee Camper AU,Cruisin Motorhomes Australia,4 Berth Seeker,Camper,4
GoSee Camper AU,Cruisin Motorhomes Australia,4 Berth Hi-Top Campervan,Camper,4
GoSee Camper AU,Cruisin Motorhomes Australia,Seeker - 4 Berth,Camper,4
GoSee Camper AU,Cruisin Motorhomes Australia,Hi Top - 4 Berth,Camper,4
GoSee Camper AU,GoCheap Campervans Australia,Henty - 4 Berth,Camper,4
GoSee Camper AU,GoCheap Campervans Australia,GoCheap 4 Berth Henty,Camper,4
GoSee Camper AU,Leisure Rent,4 Berth Shower and Toilet,Camper,4
GoSee Camper AU,Let,Jayco Conquest Royale - Luxury 4 Berth Motorhome,Camper,4
GoSee Camper AU,Let’s Go Motorhomes AU,4 Berth Atlas Campervan,Camper,4
GoSee Camper AU,Let’s Go Motorhomes AU,Royale - Luxury 4 Berth Motorhome,Camper,4
GoSee Camper AU,Let’s Go Motorhomes AU,Jayco Conquest Royale - Luxury 4 Berth Motorhome,Camper,4
GoSee Camper AU,Maui Motorhomes AU,Cascade - 4 Berth,Camper,4
GoSee Camper AU,Maui Motorhomes AU,Beach Elite - 4 Berth,Camper,4
GoSee Camper AU,Maui Motorhomes AU,Cascade Elite - 4 Berth,Camper,4
GoSee Camper AU,Maui Motorhomes AU,Beach - 4 Berth,Camper,4
GoSee Camper AU,Mighty Campers,4 Berth Doubleup,Camper,4
GoSee Camper AU,Mighty Campers,Double Down - 4 Berth,Camper,4
GoSee Camper AU,Mighty Campers ,Double Up - 4 Berth,Camper,4
GoSee Camper AU,Mighty Campers,4 Berth Doubledown,Camper,4
GoSee Camper AU,Spaceships AU,Spaceships Beta 4 berth,Camper,4
GoSee Camper AU,Spaceships AU,Beta 4 berth Campervan + Rooftop Tent,Camper,4
GoSee Camper AU,Tasmania Campers AU,4 Berth Bush Camper,Camper,4
GoSee Camper AU,Tasmania Campers AU,Trail Finder 4+1,Camper,4
GoSee Camper AU,Tasmania Campers AU,Trail Finder 4+1 Shower,Camper,4
GoSee Camper AU,Tasmania Campers AU,Trail Finder 4+1 Shower/Toilet,Camper,4
GoSee Camper NZ,Apollo Motorhomes NZ,Apollo Euro Camper - 4 Berth,Camper,4
GoSee Camper NZ,Apollo Motorhomes NZ,Apollo Euro Star - 4 Berth,Camper,4
GoSee Camper NZ,Britz Campervan Rentals NZ,4 Berth - Explorer,Camper,4
GoSee Camper NZ,Britz Campervan Rentals NZ,Voyager - 4 Berth,Camper,4
GoSee Camper NZ,Britz Campervan Rentals NZ,4 Berth Voyager,Camper,4
GoSee Camper NZ,Britz Campervan Rentals NZ,Discovery - 4 Berth,Camper,4
GoSee Camper NZ,Britz Campervan Rentals NZ,4 Berth Discovery,Camper,4
GoSee Camper NZ,Britz Campervan Rentals NZ,Explorer - 4 Berth,Camper,4
GoSee Camper NZ,Cheapa,Cheapa 4 Berth,Camper,4
GoSee Camper NZ,Cheapa Campa NZ,Cheapa 4 Berth,Camper,4
GoSee Camper NZ,Discover NZ Motorhomes,4 berth Deluxe 720,Camper,4
GoSee Camper NZ,Discover NZ Motorhomes,4 berth Imala 730 - Island bed,Camper,4
GoSee Camper NZ,Discover NZ Motorhomes,4 berth Imala 730 Island bed,Camper,4
GoSee Camper NZ,Freedom Campers NZ,Hi Top 4+1 Family Path Finder,Camper,4
GoSee Camper NZ,Freedom Campers NZ,Path Blazer 4 Berth,Camper,4
GoSee Camper NZ,Freedom Campers NZ,Path Finder 4+1 Hi Top,Camper,4
GoSee Camper NZ,Happy Campers NZ,Happy Hi 4,Camper,4
GoSee Camper NZ,Happy Campers NZ,Happy 4 Berth Camper,Camper,4
GoSee Camper NZ,Kiwi Campers NZ,Kiwi Cruise 4 Berth,Camper,4
GoSee Camper NZ,Kiwi Campers NZ,Kiwi Ranger 4 Berth,Camper,4
GoSee Camper NZ,Kiwi Campers NZ,Original Kiwi 4,Camper,4
GoSee Camper NZ,Kiwi Campers NZ,Kiwi 4,Camper,4
GoSee Camper NZ,Lucky,Happy Hi 4,Camper,4
GoSee Camper NZ,Lucky Rentals Limited T/A,Happy Hi 4,Camper,4
GoSee Camper NZ,Maui Motorhomes NZ,Beach Elite - 4 Berth,Camper,4
GoSee Camper NZ,Maui Motorhomes NZ,Beach - 4 Berth,Camper,4
GoSee Camper NZ,Maui Motorhomes NZ,Cascade Elite - 4 Berth,Camper,4
GoSee Camper NZ,Maui Motorhomes NZ,Cascade - 4 Berth,Camper,4
GoSee Camper NZ,Mighty Campers NZ,Double Up - 4 Berth,Camper,4
GoSee Camper NZ,Mighty Campers NZ,4 Berth Doubledown,Camper,4
GoSee Camper NZ,Mighty Campers NZ,4 Berth Double Up,Camper,4
GoSee Camper NZ,Mighty Campers NZ,Double Down - 4 Berth,Camper,4
GoSee Camper NZ,Pacific Horizon Travel Homes,4 Berth Mercedes,Camper,4
GoSee Camper NZ,Pacific Horizon Travel Homes,GEM-4 Motorhome,Camper,4
GoSee Camper NZ,Pacific Horizon Travel Homes,GEM 4,Camper,4
GoSee Camper NZ,Pacific Horizon Travel Homes,4 Berth Mercedes Motorhome,Camper,4
GoSee Camper NZ,Pacific Horizon Travel Homes,4 Berth Fuso,Camper,4
GoSee Camper NZ,Pacific Horizon Travel Homes,4 Berth Fuso,Camper,4
GoSee Camper NZ,Pacific Horizon Travel Homes,4 Berth Fuso Motorhome,Camper,4
GoSee Camper NZ,Road Runner Rentals,Explorer 4-6 Berth,Camper,4
GoSee Camper NZ,Star Rv Nz,Polaris 4,Camper,4
GoSee Camper NZ,Tui Campers NZ,Bunkie Sleepavan 4 berth,Camper,4
GoSee Camper NZ,Tui Campers NZ,Bunkie Sleepa 4 berth,Camper,4
GoSee Camper NZ,Tui Campers NZ,Trail Finder 4+1 Hi Top,Camper,4
GoSee Camper NZ,Tui Campers NZ,Hi Top 4+1 Family Trail Finder,Camper,4
GoSee Camper NZ,Waka Campa,Waka Campa 4 Berth,Camper,4
Maui AU,Maui AU,Beach - 4 Berth,Camper,4
Maui AU,Maui AU,Cascade elite - 4 Berth,Camper,4
Maui AU,Maui AU,Cascade - 4 Berth,Camper,4
Maui AU,Maui AU,Beach elite - 4 Berth,Camper,4
Maui NZ,Maui NZ,Cascade - 4 berth,Camper,4
Maui NZ,Maui NZ,Beach elite - 4 Berth,Camper,4
Maui NZ,Maui NZ,Cascade elite - 4 berth,Camper,4
Maui NZ,Maui NZ,Beach - 4 berth,Camper,4
Mighty AU,Mighty AU,Double-Down - 4 Berth,Camper,4
Mighty AU,Mighty AU,Double-Up - 4 Berth,Camper,4
Mighty NZ,Mighty NZ,Double Down - 4 Berth,Camper,4
Mighty NZ,Mighty NZ,Double-Up - 4 Berth,Camper,4
Britz AU,Britz AU,HiTop 3 Berth Campervan,Camper,3
Britz NZ,Britz NZ,Venturer Plus 3 Berth Campervan,Camper,3
Britz NZ,Britz NZ,HiTop - 3 Berth,Camper,3
Britz NZ,Britz NZ,HiTop 3 Berth Campervan,Camper,3
GoSee Camper AU,Autosleepers Australia,3 Berth HiTop - Side Facing,Camper,3
GoSee Camper AU,Britz Campervan Rentals,3-4 Berth Voyager,Camper,3
GoSee Camper AU,Britz Campervan Summer Fleet AU,3-4 Berth Voyager,Camper,3
GoSee Camper AU,Calypso Campervan Rentals AU,3-4 Berth - The Riverina,Camper,3
GoSee Camper AU,Calypso Campervan Rentals AU,3 Berth Hitop - The Princess,Camper,3
GoSee Camper AU,Camperman Australia AU,Jade 3 HiTop (All Inclusive Rate) $500 EXCESS,Camper,3
GoSee Camper AU,Camperman Australia AU,Juliette 3 HiTop (All Inclusive Rate) $500 EXCESS,Camper,3
GoSee Camper AU,Let,Jayco 3 Berth Cruiser,Camper,3
GoSee Camper AU,Let’s Go Motorhomes AU,"Hi-Top - 3 Berth Campervan (2 Adults,1 Child)",Camper,3
GoSee Camper AU,Let’s Go Motorhomes AU,Cruiser - 3 Berth Motorhome,Camper,3
GoSee Camper AU,Let’s Go Motorhomes AU,Jayco 3 Berth Cruiser,Camper,3
GoSee Camper AU,Mighty Campers,3 Berth Deuce Plus,Camper,3
GoSee Camper AU,Mighty Campers ,Deuce Plus - 3 Berth,Camper,3
GoSee Camper NZ,Britz Campervan Rentals NZ,HiTop - 3 Berth,Camper,3
GoSee Camper NZ,Britz Campervan Rentals NZ,3 Berth - Hitop,Camper,3
GoSee Camper NZ,Happy Campers NZ,Happy 3 Berth Camper,Camper,3
GoSee Camper NZ,Happy Campers NZ,Happy 3 Berth Jackpot,Camper,3
GoSee Camper NZ,Happy Campers NZ,Original 3,Camper,3
GoSee Camper NZ,Happy Campers NZ,Happier 3 Kuga Berth Camper,Camper,3
GoSee Camper NZ,Kiwi Campers NZ,Original 3,Camper,3
GoSee Camper NZ,Lucky,Happy 3 Jackpot,Camper,3
GoSee Camper NZ,Lucky Rentals Limited T/A,Happy 3 Jackpot,Camper,3
GoSee Camper NZ,Mighty Campers NZ,3 Berth Deuce Plus,Camper,3
GoSee Camper NZ,Mighty Campers NZ,3 Berth Highball,Camper,3
GoSee Camper NZ,Mighty Campers NZ,Highball - 3 Berth,Camper,3
GoSee Camper NZ,Road Runner Rentals,Nomad 3 Berth,Camper,3
Mighty AU,Mighty AU,Jackpot - 3 berth,Camper,3
Mighty NZ,Mighty NZ,Highball - 3 Berth,Camper,3
Apollo AU,Apollo AU,Cheapa 2 Berth,Camper,2
Apollo AU,Apollo AU,Aquila RV - 2 Berth S/T,Camper,2
Apollo NZ,Apollo NZ,Cheapa 2 Berth,Camper,2
Apollo NZ,Apollo NZ,Aquila RV - 2 Berth S/T,Camper,2
Britz AU,Britz AU,Freedom - 2 Berth,Camper,2
Britz AU,Britz AU,Venturer Plus - 2+1 Berth,Camper,2
Britz AU,Britz AU,Scout - 2 Berth 4WD,Camper,2
Britz AU,Britz AU,Venturer - Plus 2 Berth Campervan,Camper,2
Britz AU,Britz AU,Scout - 2 Berth AWD with Interior Bed,Camper,2
Britz AU,Britz AU,Action Pod - 2 Berth,Camper,2
Britz AU,Britz AU,Venturer 2 Berth Campervan,Camper,2
Britz AU,Britz AU,Scout - 2 Berth 4WD with Interior Bed,Camper,2
Britz AU,Britz AU,HiTop - 2 Berth,Camper,2
Britz AU,Britz AU,Venturer - 2 Berth,Camper,2
Britz NZ,Britz NZ,Action Pod - 2 Berth,Camper,2
Britz NZ,Britz NZ,Odyssey - 2 Berth,Camper,2
Britz NZ,Britz NZ,Venturer 2 Berth Campervan,Camper,2
Britz NZ,Britz NZ,Venturer Plus - 2+1 Berth,Camper,2
Britz NZ,Britz NZ,eVolve - 2 Berth,Camper,2
Britz NZ,Britz NZ,Venturer - 2 Berth,Camper,2
GoSee Camper AU,Apollo Motorhomes AU,Apollo Endeavour Camper 2,Camper,2
GoSee Camper AU,Apollo Motorhomes AU,Euro Tourer 2 Berth,Camper,2
GoSee Camper AU,Apollo Motorhomes AU,Endeavour Camper 2/4 Berth,Camper,2
GoSee Camper AU,Apollo Motorhomes AU,Apollo Euro Tourer 2 Berth,Camper,2
GoSee Camper AU,Autosleepers Australia,Kea Nomad 2+1,Camper,2
GoSee Camper AU,Autosleepers Australia,Nomad 2+1,Camper,2
GoSee Camper AU,Bargain Campers AU - Direct,2 Berth Freedom,Camper,2
GoSee Camper AU,Bargain Campers AU - Direct,2/4 Berth Wanderer,Camper,2
GoSee Camper AU,Bargain Campers AU - Direct,2,Camper,2
GoSee Camper AU,Britz Campervan Rentals,Venturer Plus - 2+1 Berth,Camper,2
GoSee Camper AU,Britz Campervan Rentals,2 Berth ST - Venturer,Camper,2
GoSee Camper AU,Britz Campervan Rentals,2 Berth - Hitop,Camper,2
GoSee Camper AU,Britz Campervan Rentals,2-3 Berth Venturer Plus,Camper,2
GoSee Camper AU,Britz Campervan Rentals,Venturer - 2 Berth,Camper,2
GoSee Camper AU,Britz Campervan Rentals,Action Pod 2 Berth Camper,Camper,2
GoSee Camper AU,Britz Campervan Rentals,HiTop - 2 Berth,Camper,2
GoSee Camper AU,Britz Campervan Summer Fleet AU,2 Berth ST - Venturer,Camper,2
GoSee Camper AU,Britz Campervan Summer Fleet AU,2 Berth - Hitop,Camper,2
GoSee Camper AU,Britz Campervan Summer Fleet AU,2-3 Berth Venturer Plus,Camper,2
GoSee Camper AU,Britz Campervan Summer Fleet AU,Action Pod 2 Berth Camper,Camper,2
GoSee Camper AU,Calypso Campervan Rentals AU,2-3 Berth Economy - The Funkampa,Camper,2
GoSee Camper AU,Calypso Campervan Rentals AU,2-3 Berth Economy - The Sturt,Camper,2
GoSee Camper AU,Camperman Australia AU,Maxie 2-3 Berth Deluxe Campervan (All Inclusive Rate) $500 EXCESS,Camper,2
GoSee Camper AU,Campervan Village Au,Aventus 2,Camper,2
GoSee Camper AU,Cheapa,Cheapa 2 Berth,Camper,2
GoSee Camper AU,Cheapa Campa AU,Cheapa 2 berth,Camper,2
GoSee Camper AU,Cheapa Campa AU,Cheapa 2 Berth*,Camper,2
GoSee Camper AU,Cheapa Campa AU,Cheapa 2 Berth *,Camper,2
GoSee Camper AU,Cheapa Campa AU,2 Berth ST,Camper,2
GoSee Camper AU,Cruisin Motorhomes Australia,Hi Top - 2 Berth,Camper,2
GoSee Camper AU,Cruisin Motorhomes Australia,Sandpiper - 2 Berth,Camper,2
GoSee Camper AU,Cruisin Motorhomes Australia,2 Berth Sandpiper,Camper,2
GoSee Camper AU,GoCheap Campervans Australia,Tamar - 2 Berth,Camper,2
GoSee Camper AU,GoCheap Campervans Australia,GoCheap Hi Top - 2/3 Berth,Camper,2
GoSee Camper AU,Hippie Camper AU,Hippie Hitop 2 berth,Camper,2
GoSee Camper AU,Hippie Camper AU,2 Berth Hitop,Camper,2
GoSee Camper AU,Jucy Campervan Rentals AU,2 Berth JUCY Crib,Camper,2
GoSee Camper AU,Leisure Rent,2 Berth - Hi-Top Campervan,Camper,2
GoSee Camper AU,Let,Jayco 2 Berth Escape,Camper,2
GoSee Camper AU,Let,Jayco 2 Berth Voyager,Camper,2
GoSee Camper AU,Let,Jayco 2 Berth Voyager Roamer,Camper,2
GoSee Camper AU,Let’s Go Motorhomes AU,Jayco 2 Berth Escape,Camper,2
GoSee Camper AU,Let’s Go Motorhomes AU,2 Berth Escape,Camper,2
GoSee Camper AU,Let’s Go Motorhomes AU,Jayco 2 Berth Voyager,Camper,2
GoSee Camper AU,Let’s Go Motorhomes AU,Escape - 2 Berth Campervan,Camper,2
GoSee Camper AU,Let’s Go Motorhomes AU,Voyager Roamer - 2 Berth Motorhome,Camper,2
GoSee Camper AU,Let’s Go Motorhomes AU,Jayco 2 Berth Voyager Roamer,Camper,2
GoSee Camper AU,Let’s Go Motorhomes AU,Voyager - 2 Berth Motorhome,Camper,2
GoSee Camper AU,Maui Motorhomes AU,Maui Ultima Plus: 2+1 Berth Motorhome,Camper,2
GoSee Camper AU,Maui Motorhomes AU,Ultima Elite - 2 Berth,Camper,2
GoSee Camper AU,Maui Motorhomes AU,Ultima Plus Elite - 2+1 Berth,Camper,2
GoSee Camper AU,Maui Motorhomes AU,Ultima Plus: 2+1 Berth Motorhome,Camper,2
GoSee Camper AU,Maui Motorhomes AU,Maui Ultima: 2 Berth Motorhome,Camper,2
GoSee Camper AU,Maui Motorhomes AU,Ultima Plus - 2+1 Berth,Camper,2
GoSee Camper AU,Maui Motorhomes AU,Ultima - 2 Berth,Camper,2
GoSee Camper AU,Maui Motorhomes AU,2 Berth Ultima,Camper,2
GoSee Camper AU,Maui Motorhomes AU,2 Berth Ultima Elite,Camper,2
GoSee Camper AU,Maui Motorhomes AU,Ultima Plus Elite 2+1 Berth Motorhome,Camper,2
GoSee Camper AU,Maui Motorhomes AU,Maui Ultima Plus Elite : 2+1 Berth Motorhome,Camper,2
GoSee Camper AU,Maui Motorhomes AU,Maui Ultima Elite: 2 Berth Motorhome,Camper,2
GoSee Camper AU,Mighty Campers ,Highball - 2 Berth,Camper,2
GoSee Camper AU,Mighty Campers,2 Berth Highball,Camper,2
GoSee Camper AU,Mighty Campers,2 Berth Deuce,Camper,2
GoSee Camper AU,Mighty Campers ,Deuce - 2 Berth,Camper,2
GoSee Camper AU,Star RV Australia,Aquila RV - 2 Berth S/T,Camper,2
GoSee Camper AU,Star RV Australia,Aquila RV - 2 Berth S,Camper,2
GoSee Camper AU,Tasmania Campers AU,2 Berth Bush Camper,Camper,2
GoSee Camper AU,Tasmania Campers AU,Trail Finder 2,Camper,2
GoSee Camper AU,Tasmania Campers AU,Trail Finder 2/3,Camper,2
GoSee Camper AU,Travellers Auto Barn,Chubby Camper (2 Berth),Camper,2
GoSee Camper AU,Travellers Auto Barn,Toyota Hiace Hi-top Campervan 2-3 Berth - (SHMR),Camper,2
GoSee Camper AU,Travellers Auto Barn,Station Wagon (2-5 persons),Camper,2
GoSee Camper AU,Travellers Auto Barn,Kuga Campervan (2-3 berth),Camper,2
GoSee Camper AU,Travellers Auto Barn,Stationwagon (2-5 persons),Camper,2
GoSee Camper AU,Travellers Auto Barn,Chubby Campers 2 Berth,Camper,2
GoSee Camper AU,Travellers Auto Barn,Kuga Campervan 2-3 berth - (FHMR),Camper,2
GoSee Camper NZ,Apollo Motorhomes NZ,Apollo Endeavour Camper - 2,Camper,2
GoSee Camper NZ,Apollo Motorhomes NZ,Apollo Euro Tourer - 2 Berth,Camper,2
GoSee Camper NZ,Britz Campervan Rentals NZ,2,Camper,2
GoSee Camper NZ,Britz Campervan Rentals NZ,Venturer Plus - 2+1 Berth,Camper,2
GoSee Camper NZ,Britz Campervan Rentals NZ,2 Berth - Venturer,Camper,2
GoSee Camper NZ,Britz Campervan Rentals NZ,Venturer - 2 Berth,Camper,2
GoSee Camper NZ,Campervan Village Nz,Aventus 2,Camper,2
GoSee Camper NZ,Cheapa,Cheapa 2 Berth,Camper,2
GoSee Camper NZ,Cheapa Campa NZ,Cheapa 2 Berth,Camper,2
GoSee Camper NZ,Discover NZ Motorhomes,2+2 berth Imala 715 - French bed,Camper,2
GoSee Camper NZ,Discover NZ Motorhomes,2 Berth Deluxe S,Camper,2
GoSee Camper NZ,Discover NZ Motorhomes,2 Berth Deluxe S/T,Camper,2
GoSee Camper NZ,Discover NZ Motorhomes,2+2 berth imala 715,Camper,2
GoSee Camper NZ,Freedom Campers NZ,Path Finder 2/3 Hi Top,Camper,2
GoSee Camper NZ,Freedom Campers NZ,Hi Top 2,Camper,2
GoSee Camper NZ,Freedom Campers NZ,Path Finder 2,Camper,2
GoSee Camper NZ,Happy Campers NZ,Happy 2,Camper,2
GoSee Camper NZ,Happy Campers NZ,Happy Jackpot 2 berth,Camper,2
GoSee Camper NZ,Kiwi Campers NZ,2 Berth Euro S,Camper,2
GoSee Camper NZ,Kiwi Campers NZ,Kiwi Deluxe 2,Camper,2
GoSee Camper NZ,Kiwi Campers NZ,Kiwi Deluxe Euro 2 ST,Camper,2
GoSee Camper NZ,Kiwi Campers NZ,2 Berth Euro S/T,Camper,2
GoSee Camper NZ,Kiwi Campers NZ,Kiwi Dart 2 Berth,Camper,2
GoSee Camper NZ,Kiwi Campers NZ,Original Kiwi 2,Camper,2
GoSee Camper NZ,Kiwi Campers NZ,Kiwi 2,Camper,2
GoSee Camper NZ,Kiwi Campers NZ,Kiwi Deluxe 2/3 Berth ST,Camper,2
GoSee Camper NZ,Maui Motorhomes NZ,2 Berth Ultima Elite,Camper,2
GoSee Camper NZ,Maui Motorhomes NZ,2 Berth Ultima,Camper,2
GoSee Camper NZ,Maui Motorhomes NZ,Maui Ultima Plus: 2+1 Berth Motorhome,Camper,2
GoSee Camper NZ,Maui Motorhomes NZ,2+1 Berth Ultima Plus Elite,Camper,2
GoSee Camper NZ,Maui Motorhomes NZ,Ultima Plus - 2+1 Berth,Camper,2
GoSee Camper NZ,Maui Motorhomes NZ,Ultima Elite - 2 Berth,Camper,2
GoSee Camper NZ,Maui Motorhomes NZ,Ultima Plus Elite - 2+1 Berth,Camper,2
GoSee Camper NZ,Maui Motorhomes NZ,Maui Ultima: 2 Berth Motorhome,Camper,2
GoSee Camper NZ,Maui Motorhomes NZ,2+1 Berth Ultima Plus,Camper,2
GoSee Camper NZ,Maui Motorhomes NZ,Ultima - 2 Berth,Camper,2
GoSee Camper NZ,Mighty Campers NZ,Deuce - 2 Berth,Camper,2
GoSee Camper NZ,Mighty Campers NZ,Deuce Plus - 2+1 Berth,Camper,2
GoSee Camper NZ,Mighty Campers NZ,2 Berth Deuce,Camper,2
GoSee Camper NZ,Mojo Campers Limited,Mojo Sleepervan Generation 2,Camper,2
GoSee Camper NZ,Mojo Campers Limited,Mojo Sleepervan Generation 2 - White,Camper,2
GoSee Camper NZ,Mojo Campers Limited,Mojo Sleepervan Generation 2 with Awning,Camper,2
GoSee Camper NZ,Mojo Campers Limited,Mojo Sleepervan Generation 2 - Black,Camper,2
GoSee Camper NZ,Pacific Horizon Travel Homes,2+1 Berth Campervan,Camper,2
GoSee Camper NZ,Pacific Horizon Travel Homes,GEM 2,Camper,2
GoSee Camper NZ,Road Runner Rentals,Freedom 2 Berth,Camper,2
GoSee Camper NZ,Road Runner Rentals,Hi Way Runner 2 Berth,Camper,2
GoSee Camper NZ,Road Runner Rentals,Sprinter 2 Berth,Camper,2
GoSee Camper NZ,Road Runner Rentals,Queenie 2 Berth,Camper,2
GoSee Camper NZ,Road Runner Rentals,Clubby 2 Berth,Camper,2
GoSee Camper NZ,Spaceships NZ,zSpaceships Rocket 2 Berth,Camper,2
GoSee Camper NZ,Spaceships NZ,Spaceships Beta 2 Berth,Camper,2
GoSee Camper NZ,Spaceships NZ,Beta 2 Berth (standard),Camper,2
GoSee Camper NZ,Star RV New Zealand,Aquila RV - 2 Berth S,Camper,2
GoSee Camper NZ,Star RV New Zealand,Aquila RV - 2 Berth S/T,Camper,2
GoSee Camper NZ,Tui Campers NZ,Trail Finder 2,Camper,2
GoSee Camper NZ,Tui Campers NZ,Trail Finder 2/3 Berth Hi Top,Camper,2
GoSee Camper NZ,Tui Campers NZ,Hi Top 2,Camper,2
GoSee Camper NZ,Tui Campers NZ,Trail Adventurer 2+1,Camper,2
Maui AU,Maui AU,Ultima - 2 Berth,Camper,2
Maui AU,Maui AU,Ultima Plus - 2+1 Berth,Camper,2
Maui AU,Maui AU,Ultima Plus elite - 2+1 Berth,Camper,2
Maui AU,Maui AU,Ultima elite - 2 Berth,Camper,2
Maui NZ,Maui NZ,Ultima Plus - 2+1 Berth,Camper,2
Maui NZ,Maui NZ,Ultima Plus elite - 2+1 Berth,Camper,2
Maui NZ,Maui NZ,Ultima - 2 Berth,Camper,2
Maui NZ,Maui NZ,Ultima elite - 2 Berth,Camper,2
Mighty AU,Mighty AU,Deuce Plus - 2+1 Berth,Camper,2
Mighty AU,Mighty AU,Highball - 2 Berth,Camper,2
Mighty AU,Mighty AU,Deuce - 2 Berth,Camper,2
Mighty NZ,Mighty NZ,Deuce Plus - 2+1 Berth,Camper,2
Mighty NZ,Mighty NZ,Jackpot - 2 berth,Camper,2
Mighty NZ,Mighty NZ,Deuce - 2 Berth,Camper,2
GoSee Camper NZ,Mad Campers,Mad 1,Camper,1
GoSee Camper NZ,Mojo Campers Limited,Mojo Sleepervan Generation 1,Camper,1
Apollo AU,Apollo AU,Grande,Camper,
Apollo AU,Apollo AU,Apollo Vivid Camper,Camper,
Apollo AU,Apollo AU,Apollo Family Traveller Plus,Camper,
Apollo AU,Apollo AU,Saturn RV,Camper,
Apollo AU,Apollo AU,Cheapa Hitop,Camper,
Apollo AU,Apollo AU,Taurus RV - 22ft-25Ft,Camper,
Apollo AU,Apollo AU,Ranger,Camper,
Apollo AU,Apollo AU,Aero,Camper,
Apollo AU,Apollo AU,Ranger Caravan,Camper,
Apollo AU,Apollo AU,Hippie Hitop Camper,Camper,
Apollo AU,Apollo AU,Cheapa Endeavour Camper,Camper,
Apollo AU,Apollo AU,Hippie Drift,Camper,
Apollo AU,Apollo AU,Cheapa Vivid Camper,Camper,
Apollo AU,Apollo AU,Apollo Eclipse Camper - 28-31ft,Camper,
Apollo AU,Apollo AU,Europa,Camper,
Apollo AU,Apollo AU,Roadie,Camper,
Apollo AU,Apollo AU,Apollo Euro NAME,Camper,
Apollo AU,Apollo AU,Trailfinder Camper,Camper,
Apollo AU,Apollo AU,Cheapa ‘Lucky Dip’,Camper,
Apollo AU,Apollo AU,(Group D) Toyota Camry Sedan (or similar),Camper,
Apollo AU,Apollo AU,Vista Plus,Camper,
Apollo AU,Apollo AU,Hitop Camper,Camper,
Apollo AU,Apollo AU,Hippie Endeavour Camper,Camper,
Apollo AU,Apollo AU,(Group S) Toyota Corolla (or similar),Camper,
Apollo AU,Apollo AU,(Group R) Toyota Prado 4WD (or similar),Camper,
Apollo AU,Apollo AU,(Group C) Hyundai Elantra (or similar),Camper,
Apollo AU,Apollo AU,Apollo Adria 472K,Camper,
Apollo AU,Apollo AU,Surprise 4WD,Camper,
Apollo AU,Apollo AU,Tucana RV - 25-27ft,Camper,
Apollo AU,Apollo AU,Vista,Camper,
Apollo AU,Apollo AU,Cheapa 4wd Camper,Camper,
Apollo AU,Apollo AU,Euro Camper,Camper,
Apollo AU,Apollo AU,Apollo X-Terrain,Camper,
Apollo AU,Apollo AU,Apollo Overlander,Camper,
Apollo AU,Apollo AU,Apollo Sunrise Escape - 25-27ft,Camper,
Apollo AU,Apollo AU,Aero Plus,Camper,
Apollo AU,Apollo AU,Apollo Family Voyager,Camper,
Apollo AU,Apollo AU,Apollo AU 4WD ROF,Camper,
Apollo AU,Apollo AU,Explorer Caravan,Camper,
Apollo AU,Apollo AU,Perseus RV - 30-33ft,Camper,
Apollo AU,Apollo AU,Cygnus RV - 28-31ft,Camper,
Apollo AU,Apollo AU,Apollo US Wanderer - 30-33ft,Camper,
Apollo AU,Apollo AU,Nomad,Camper,
Apollo AU,Apollo AU,Apollo Mossman C,Camper,
Apollo AU,Apollo AU,Apollo Family Traveller,Camper,
Apollo AU,Apollo AU,Euro Deluxe,Camper,
Apollo AU,Apollo AU,Euro Star,Camper,
Apollo AU,Apollo AU,(Group A) Suzuki Swift (or similar),Camper,
Apollo AU,Apollo AU,Apollo Tourer,Camper,
Apollo AU,Apollo AU,Euro 200,Camper,
Apollo AU,Apollo AU,Endeavour Camper,Camper,
Apollo AU,Apollo AU,Apollo Elite Traveller - 31ft,Camper,
Apollo AU,Apollo AU,Apollo Pioneer - 22-25ft,Camper,
Apollo AU,Apollo AU,Apollo Duo Plus,Camper,
Apollo AU,Apollo AU,Euro Tourer,Camper,
Apollo AU,Apollo AU,Hippie ‘Lucky Dip’,Camper,
Apollo AU,Apollo AU,Apollo Duo,Camper,
Apollo AU,Apollo AU,Cruiser Caravan,Camper,
Apollo AU,Apollo AU,Apollo Trailfinder Camper,Camper,
Apollo AU,Apollo AU,Adventure Camper,Camper,
Apollo AU,Apollo AU,Cheapa Trailfinder Camper,Camper,
Apollo AU,Apollo AU,Euro Slider,Camper,
Apollo NZ,Apollo NZ,Euro Star,Camper,
Apollo NZ,Apollo NZ,Hippie Drift,Camper,
Apollo NZ,Apollo NZ,Cheapa Endeavour Camper,Camper,
Apollo NZ,Apollo NZ,Grande,Camper,
Apollo NZ,Apollo NZ,(Group I) Kia Sportage (or similar),Camper,
Apollo NZ,Apollo NZ,Apollo 4Berth Slider,Camper,
Apollo NZ,Apollo NZ,Hippie Endeavour Camper,Camper,
Apollo NZ,Apollo NZ,Apollo Pioneer - 22-25ft,Camper,
Apollo NZ,Apollo NZ,Roadie,Camper,
Apollo NZ,Apollo NZ,Cheapa Trailfinder Camper,Camper,
Apollo NZ,Apollo NZ,Apollo US Wanderer - 30-33ft,Camper,
Apollo NZ,Apollo NZ,Hitop Camper,Camper,
Apollo NZ,Apollo NZ,Vista,Camper,
Apollo NZ,Apollo NZ,Europa,Camper,
Apollo NZ,Apollo NZ,Apollo Family Voyager,Camper,
Apollo NZ,Apollo NZ,Cheapa 4wd Camper,Camper,
Apollo NZ,Apollo NZ,Apollo Sunrise Escape - 25-27ft,Camper,
Apollo NZ,Apollo NZ,Apollo X-Terrain,Camper,
Apollo NZ,Apollo NZ,Saturn RV,Camper,
Apollo NZ,Apollo NZ,Apollo Run of Fleet - 4WD,Camper,
Apollo NZ,Apollo NZ,(Group F) Holden Commodore (or similar),Camper,
Apollo NZ,Apollo NZ,Apollo Tourer,Camper,
Apollo NZ,Apollo NZ,Apollo Duo Plus,Camper,
Apollo NZ,Apollo NZ,Vivid Camper,Camper,
Apollo NZ,Apollo NZ,Cheapa Hitop,Camper,
Apollo NZ,Apollo NZ,Hippie Hitop Camper,Camper,
Apollo NZ,Apollo NZ,Ranger,Camper,
Apollo NZ,Apollo NZ,Taurus RV - 22ft-25Ft,Camper,
Apollo NZ,Apollo NZ,Cygnus RV - 28-31ft,Camper,
Apollo NZ,Apollo NZ,Apollo Family Traveller Plus,Camper,
Apollo NZ,Apollo NZ,(Group H) Toyota Highlander (or similar),Camper,
Apollo NZ,Apollo NZ,Apollo 4WD Adventure Camper,Camper,
Apollo NZ,Apollo NZ,Apollo Trailfinder Camper,Camper,
Apollo NZ,Apollo NZ,Aero,Camper,
Apollo NZ,Apollo NZ,Aero Plus,Camper,
Apollo NZ,Apollo NZ,Apollo Eclipse Camper - 28-31ft,Camper,
Apollo NZ,Apollo NZ,Apollo Overlander,Camper,
Apollo NZ,Apollo NZ,Cheapa Vivid Camper,Camper,
Apollo NZ,Apollo NZ,Apollo Euro 200,Camper,
Apollo NZ,Apollo NZ,Endeavour Camper,Camper,
Apollo NZ,Apollo NZ,Apollo Family Traveller,Camper,
Apollo NZ,Apollo NZ,Apollo Duo,Camper,
Apollo NZ,Apollo NZ,(Group A) Suzuki Swift (or similar),Camper,
Apollo NZ,Apollo NZ,Tucana RV - 25-27ft,Camper,
Apollo NZ,Apollo NZ,(Group R) Toyota Prado 4WD (or similar),Camper,
Apollo NZ,Apollo NZ,Apollo Adria 472K,Camper,
Apollo NZ,Apollo NZ,Surprise 4WD,Camper,
Apollo NZ,Apollo NZ,Euro Tourer,Camper,
Apollo NZ,Apollo NZ,Vista Plus,Camper,
Apollo NZ,Apollo NZ,(Group B2) Holden Barina or similar,Camper,
Apollo NZ,Apollo NZ,(Group B) Holden Spark (or similar),Camper,
Apollo NZ,Apollo NZ,Apollo Mossman C,Camper,
Apollo NZ,Apollo NZ,(Group S) Toyota Corolla (or similar),Camper,
Apollo NZ,Apollo NZ,Apollo Elite Traveller - 31ft,Camper,
Apollo NZ,Apollo NZ,Apollo Euro Slider,Camper,
Apollo NZ,Apollo NZ,(Group C) Hyundai Elantra (or similar),Camper,
Apollo NZ,Apollo NZ,Nomad,Camper,
Apollo NZ,Apollo NZ,Euro Deluxe,Camper,
Apollo NZ,Apollo NZ,(Group D) Toyota Corolla Hatch (or similar),Camper,
Apollo NZ,Apollo NZ,Perseus RV - 30-33ft,Camper,
Britz NZ,Britz NZ,eVolve 100% Electric - 2 Berth,Camper,2
GoSee Camper AU,Apollo Motorhomes ,Apollo Hitop Camper,Camper,
GoSee Camper AU,Apollo Motorhomes ,Apollo Euro Tourer,Camper,
GoSee Camper AU,Apollo Motorhomes ,Apollo Euro Deluxe,Camper,
GoSee Camper AU,Apollo Motorhomes ,Apollo Euro Mini,Camper,
GoSee Camper AU,Apollo Motorhomes ,Apollo Euro Camper,Camper,
GoSee Camper AU,Apollo Motorhomes ,Apollo 4WD Adventure Camper,Camper,
GoSee Camper AU,Apollo Motorhomes ,Apollo Endeavour Camper,Camper,
GoSee Camper AU,Apollo Motorhomes ,Apollo Hitop Ultra,Camper,
GoSee Camper AU,Apollo Motorhomes AU,Apollo Euro Tourer,Camper,
GoSee Camper AU,Apollo Motorhomes AU,Apollo Euro Mini,Camper,
GoSee Camper AU,Apollo Motorhomes AU,Apollo Hitop Ultra,Camper,
GoSee Camper AU,Apollo Motorhomes AU,Apollo Euro Camper,Camper,
GoSee Camper AU,Apollo Motorhomes AU,Apollo Endeavour Camper,Camper,
GoSee Camper AU,Apollo Motorhomes AU,Apollo Adventure Camper,Camper,
GoSee Camper AU,Apollo Motorhomes AU,Apollo Hitop Camper,Camper,
GoSee Camper AU,Apollo Motorhomes AU,Trailfinder Camper,Camper,
GoSee Camper AU,Apollo Motorhomes AU,Apollo 4WD Adventure Camper,Camper,
GoSee Camper AU,Apollo Motorhomes AU,Adventure Camper,Camper,
GoSee Camper AU,Apollo Motorhomes AU,Apollo Euro Deluxe,Camper,
GoSee Camper AU,Apollo Motorhomes AU,Hitop Camper,Camper,
GoSee Camper AU,Autosleepers Australia,Adventurer,Camper,
GoSee Camper AU,Autosleepers Australia,Cruiser,Camper,
GoSee Camper AU,Autosleepers Australia,Kea Navigator,Camper,
GoSee Camper AU,Autosleepers Australia,Euro Camper,Camper,
GoSee Camper AU,Awesome Campers,Awesome Classic Camper,Camper,
GoSee Camper AU,Awesome Campers,Awesome Elgrand Campervan,Camper,
GoSee Camper AU,Awesome Campers,Awesome Deluxe Camper,Camper,
GoSee Camper AU,Awesome Campers,Awesome Elgrand Campervan,Camper,
GoSee Camper AU,Awesome Campers,Awesome Elite Camper,Camper,
GoSee Camper AU,Awesome Campers,Awesome Deluxe Camper,Camper,
GoSee Camper AU,Britz Campervan Rentals,Safari Auto 4WD,Camper,
GoSee Camper AU,Britz Campervan Rentals,Safari Auto 4WD (Rooftop Tent with Annexe),Camper,
GoSee Camper AU,Britz Campervan Rentals,Safari Landcruiser 4WD,Camper,
GoSee Camper AU,Britz Campervan Rentals,Outback 4WD (Ground Tent),Camper,
GoSee Camper AU,Britz Campervan Rentals,Outback 4WD,Camper,
GoSee Camper AU,Britz Campervan Summer Fleet AU,Outback 4WD,Camper,
GoSee Camper AU,Britz Campervan Summer Fleet AU,Safari Auto 4WD,Camper,
GoSee Camper AU,Camperman Australia AU,Paradise Shower & Toilet (All Inclusive Rate) $500 EXCESS,Camper,
GoSee Camper AU,Campervan Village Au,Johnny Feelgood,Camper,
GoSee Camper AU,Captain Billy's 4WD Hire,4WD Bush Challenger,Camper,
GoSee Camper AU,Captain Billy's 4WD Hire,Bush Camper,Camper,
GoSee Camper AU,Cheapa,Cheapa 4WD Camper,Camper,
GoSee Camper AU,Cheapa,Cheapa Endeavour Camper,Camper,
GoSee Camper AU,Cheapa,Cheapa Hitop,Camper,
GoSee Camper AU,Cheapa Campa AU,Cheapa 4wd Camper,Camper,
GoSee Camper AU,Cheapa Campa AU,4wd Camper,Camper,
GoSee Camper AU,Cheapa Campa AU,Cheapa Trailfinder Camper,Camper,
GoSee Camper AU,Cheapa Campa AU,Cheapa Endeavour Camper,Camper,
GoSee Camper AU,Cheapa Campa AU,Cheapa Hitop,Camper,
GoSee Camper AU,Cruisin Motorhomes Australia,Hi Top Campervan,Camper,
GoSee Camper AU,GoCheap Campervans Australia,Derwent,Camper,
GoSee Camper AU,GoCheap Campervans Australia,Tamar,Camper,
GoSee Camper AU,GoCheap Campervans Australia,Picton,Camper,
GoSee Camper AU,GoCheap Campervans Australia,Go Cheap Hi Top Campervan,Camper,
GoSee Camper AU,Hippie Camper AU,Hippie Drift,Camper,
GoSee Camper AU,Hippie Camper Au ,Hippie Hitop,Camper,
GoSee Camper AU,Hippie Camper AU,Hippie Endeavour Camper,Camper,
GoSee Camper AU,Jucy Campervan Rentals AU,JUCY Champ,Camper,
GoSee Camper AU,Jucy Campervan Rentals AU,Jucy Coaster,Camper,
GoSee Camper AU,Jucy Campervan Rentals AU,JUCY Crib Plus,Camper,
GoSee Camper AU,Jucy Campervan Rentals AU,JUCY Compass,Camper,
GoSee Camper AU,Jucy Campervan Rentals AU,JUCY Crib,Camper,
GoSee Camper AU,Jucy Campervan Rentals AU,JUCY Crib+,Camper,
GoSee Camper AU,Jucy Campervan Rentals AU,JUCY Condo,Camper,
GoSee Camper AU,Kangaroo Campervan Rentals,Motorhome 6B Elite,Camper,6
GoSee Camper AU,Kangaroo Campervan Rentals,Motorhome 4B Elite,Camper,4
GoSee Camper AU,Kangaroo Campervan Rentals,Motorhome Sovereign 2B Delux,Camper,2
GoSee Camper AU,Maui Motorhomes AU,Maui Beach Elite,Camper,
GoSee Camper AU,Maui Motorhomes AU,Maui River Elite Motorhome,Camper,
GoSee Camper AU,Maui Motorhomes AU,Maui Beach Elite Motorhome,Camper,
GoSee Camper AU,Maui Motorhomes AU,Maui River Elite,Camper,
GoSee Camper AU,Maui Motorhomes AU,Maui Cascade Elite Motorhome,Camper,
GoSee Camper AU,Maui Motorhomes AU,Maui Beach Motorhome,Camper,
GoSee Camper AU,Maui Motorhomes AU,Maui River Motorhome,Camper,
GoSee Camper AU,Maui Motorhomes AU,Maui Cascade Motorhome,Camper,
GoSee Camper AU,Spaceships AU,Spaceships Beta 2S (Premium),Camper,
GoSee Camper AU,Spaceships AU,Beta 2S Premium Campervan,Camper,
GoSee Camper AU,Spaceships AU,Alpha Budget Campervan,Camper,
GoSee Camper AU,Spaceships AU,Spaceships Alpha (Budget),Camper,
GoSee Camper AU,Spaceships AU,Beta Standard Campervan,Camper,
GoSee Camper AU,Spaceships AU,Spaceships Beta (Standard),Camper,
GoSee Camper AU,Tasmania Campers AU,Devil Finder,Camper,
GoSee Camper AU,Tasmania Campers AU,Devil Sleepervan,Camper,
GoSee Camper AU,Tasmania Campers AU,4WD Bush Challenger,Camper,
GoSee Camper AU,Tassie Motor Shack Rentals,Mercedes Sprinter 2ST,Camper,
GoSee Camper AU,Travellers Auto Barn,Hi5 Camper,Camper,
GoSee Camper AU,Travellers Auto Barn,Hi5 Camper - (HIFI),Camper,
GoSee Camper AU,Travellers Auto Barn,Hi-Top Campervan,Camper,
GoSee Camper NZ,Adventurer Campers,Foton Adventurer,Camper,
GoSee Camper NZ,Adventurer Campers,Eco Adventurer,Camper,
GoSee Camper NZ,Apollo Motorhomes,Apollo Endeavour Camper,Camper,
GoSee Camper NZ,Apollo Motorhomes ,Apollo Hitop Camper,Camper,
GoSee Camper NZ,Apollo Motorhomes ,Apollo Euro Tourer,Camper,
GoSee Camper NZ,Apollo Motorhomes ,Apollo Euro Star,Camper,
GoSee Camper NZ,Apollo Motorhomes ,Apollo Euro Camper,Camper,
GoSee Camper NZ,Apollo Motorhomes ,Apollo Euro Deluxe,Camper,
GoSee Camper NZ,Apollo Motorhomes NZ,Apollo Hitop Camper,Camper,
GoSee Camper NZ,Auckland Campervan Limited,Snoozer Campervan,Camper,
GoSee Camper NZ,Auckland Campervan Limited,Thriller Campervan,Camper,
GoSee Camper NZ,Auckland Campervan Limited,Cruza Campervan,Camper,
GoSee Camper NZ,Barefoot Campers,The Willy,Camper,
GoSee Camper NZ,Barefoot Campers,The Terra,Camper,
GoSee Camper NZ,Barefoot Campers,The Wallace - High Top,Camper,
GoSee Camper NZ,Barefoot Campers,The Wallace,Camper,
GoSee Camper NZ,Cheapa,Cheapa Endeavour Camper,Camper,
GoSee Camper NZ,Cheapa,Cheapa Hitop,Camper,
GoSee Camper NZ,Cheapa Campa NZ,Cheapa Hitop,Camper,
GoSee Camper NZ,Cheapa Campa NZ,Cheapa Endeavour Camper,Camper,
GoSee Camper NZ,Discover NZ Motorhomes,F74 Island Bed,Camper,
GoSee Camper NZ,Elements Rentals,Tandem Camper,Camper,
GoSee Camper NZ,Elements Rentals,Quad Camper,Camper,
GoSee Camper NZ,Escape Rentals New Zealand,Escape Campervan,Camper,
GoSee Camper NZ,Escape Rentals New Zealand,Escape SC Campervan,Camper,
GoSee Camper NZ,Happy Campers NZ,Black Sheep,Camper,
GoSee Camper NZ,Happy Campers NZ,Original Black Sheep,Camper,
GoSee Camper NZ,Happy Campers NZ,Happy Sleeper,Camper,
GoSee Camper NZ,Happy Campers NZ,Original Sleeper,Camper,
GoSee Camper NZ,Hippie Camper NZ,Hippie Endeavour Camper,Camper,
GoSee Camper NZ,Hippie Camper NZ,Hippie Hitop,Camper,
GoSee Camper NZ,Hippie Camper NZ,Hippie Drift,Camper,
GoSee Camper NZ,Jucy Campervan Rentals NZ,JUCY Cabana,Camper,
GoSee Camper NZ,Jucy Campervan Rentals NZ,JUCY Chaser,Camper,
GoSee Camper NZ,Jucy Campervan Rentals NZ,JUCY Condo,Camper,
GoSee Camper NZ,Jucy Campervan Rentals NZ,JUCY Crib,Camper,
GoSee Camper NZ,Kiwi Campers NZ,Original Black Sheep,Camper,
GoSee Camper NZ,Kiwi Campers NZ,Original Sleeper,Camper,
GoSee Camper NZ,Lucky,Kuga,Camper,
GoSee Camper NZ,Lucky,Black Sheep,Camper,
GoSee Camper NZ,Lucky,Lucky Rover,Camper,
GoSee Camper NZ,Lucky,Lucky Rodeo,Camper,
GoSee Camper NZ,Lucky,Lucky Rambler,Camper,
GoSee Camper NZ,Lucky Rentals,Lucky Rambler,Camper,
GoSee Camper NZ,Lucky Rentals,Lucky Rodeo,Camper,
GoSee Camper NZ,Lucky Rentals,Lucky Rover,Camper,
GoSee Camper NZ,Lucky Rentals Limited T/A,Kuga,Camper,
GoSee Camper NZ,Lucky Rentals Limited T/A,Black Sheep,Camper,
GoSee Camper NZ,Mad Campers,Mad Explorer Manual Transmission,Camper,
GoSee Camper NZ,Mad Campers,Mad Explorer Automatic,Camper,
GoSee Camper NZ,Mad Campers,Mad Camper,Camper,
GoSee Camper NZ,Maui Motorhomes NZ,Maui Cascade Motorhome,Camper,
GoSee Camper NZ,Maui Motorhomes NZ,Maui Cascade Elite Motorhome,Camper,
GoSee Camper NZ,Maui Motorhomes NZ,Maui River Elite Motorhome,Camper,
GoSee Camper NZ,Maui Motorhomes NZ,Maui Beach Elite Motorhome,Camper,
GoSee Camper NZ,Maui Motorhomes NZ,Maui Beach Motorhome,Camper,
GoSee Camper NZ,Maui Motorhomes NZ,Maui River Motorhome,Camper,
GoSee Camper NZ,McRent NZ,Comfort Luxury,Camper,
GoSee Camper NZ,McRent NZ,Family Standard,Camper,
GoSee Camper NZ,McRent NZ,Compact Plus,Camper,
GoSee Camper NZ,McRent NZ,Comfort Standard,Camper,
GoSee Camper NZ,McRent NZ,Family Plus,Camper,
GoSee Camper NZ,McRent NZ,Compact Standard,Camper,
GoSee Camper NZ,Mojo Campers Limited,Mojo Sleepervan - High Roof - Caravan,Camper,
GoSee Camper NZ,Nomad Motorhome and Car Rentals,Nomad self contained camper,Camper,
GoSee Camper NZ,Nomad Motorhome and Car Rentals,Nomad Sleepervan,Camper,
GoSee Camper NZ,Pacific Horizon Travel Homes,Pacific Horizon SAM Premium,Camper,
GoSee Camper NZ,Spaceships NZ,Dream Sleeper Mini Stealth,Camper,
GoSee Camper NZ,Spaceships NZ,Beta 2S Self Contained Stealth,Camper,2
GoSee Camper NZ,Spaceships NZ,Spaceships Beta 2S Premium,Camper,2
GoSee Camper NZ,Spaceships NZ,Beta 2S Self Contained Stealth (no branding no logos),Camper,2
GoSee Camper NZ,Spaceships NZ,Beta 2S Premium,Camper,2
GoSee Camper NZ,Spaceships NZ,Dream Sleeper Mini,Camper,
GoSee Camper NZ,Travellers Autobarn NZ,Station Wagon,Camper,
GoSee Camper NZ,Travellers Autobarn NZ,Kuga Camper,Camper,
GoSee Camper NZ,Travellers Autobarn NZ,Hi5 Camper,Camper,
GoSee Camper NZ,Travellers Autobarn NZ,Chubby Camper,Camper,
GoSee Camper NZ,Travellers Autobarn NZ,Kuga Campervan,Camper,
GoSee Camper NZ,Travellers Autobarn NZ,Hitop Campervan,Camper,
GoSee Camper NZ,Travellers Autobarn NZ,Station Wagon,Camper,
GoSee Camper NZ,Tui Campers NZ,Trail Seeker,Camper,
GoSee Camper NZ,Tui Campers NZ,Wildtrak Bush Ranger 4WD,Camper,
GoSee Camper NZ,Tui Campers NZ,Deluxe Sleepervan,Camper,
GoSee Camper NZ,Tui Campers NZ,Deluxe Sleepervan - Certified Self Contained,Camper,
Jucy AU,Jucy AU,El Cheapo Sleeper,Camper,
Jucy AU,Jucy AU,JUCY Compass,Camper,
Jucy AU,Jucy AU,JUCY Condo,Camper,
Jucy AU,Jucy AU,JUCY Crib Plus,Camper,
Jucy AU,Jucy AU,JUCY Coaster,Camper,
Jucy AU,Jucy AU,JUCY Crib,Camper,
Jucy Camper NZ,Jucy Camper NZ,Chaser,Camper,
Jucy Camper NZ,Jucy Camper NZ,Cabana,Camper,
Jucy Camper NZ,Jucy Camper NZ,Condo,Camper,
Jucy NZ,Jucy NZ,Chaser,Camper,
Jucy NZ,Jucy NZ,Compass,Camper,
Jucy NZ,Jucy NZ,Coaster,Camper,
Jucy NZ,Jucy NZ,Condo,Camper,
Jucy NZ,Jucy NZ,JUCY EV,Camper,
Jucy NZ,Jucy NZ,Champ,Camper,
Jucy NZ,Jucy NZ,Crib,Camper,
Maui AU,Maui AU,Platinum Beach,Camper,
Maui AU,Maui AU,Ultima,Camper,
Maui AU,Maui AU,Platinum River,Camper,
Maui NZ,Maui NZ,Platinum River,Camper,
Maui NZ,Maui NZ,Platinum Beach,Camper,
Maui NZ,Maui NZ,Ultima,Camper,
Mighty AU,Mighty AU,Double-Down,Camper,
Mighty AU,Mighty AU,Big Six,Camper,
Mighty AU,Mighty AU,Highball,Camper,
Mighty AU,Mighty AU,Deuce,Camper,
Mighty AU,Mighty AU,Double-Up,Camper,
Mighty NZ,Mighty NZ,Double-Up,Camper,
Mighty NZ,Mighty NZ,Deuce,Camper,
Mighty NZ,Mighty NZ,Double-Down,Camper,
Mighty NZ,Mighty NZ,Highball,Camper,
