"country_code","os_name","os_version","browser_name","browser_version","browser_language","screen_resolution","device_type","type","path","title","referrer_host","referrer_path","utm_source","utm_medium","utm_campaign","utm_term","utm_content","viewport_width","viewport_height","formatted_date"
"US","Linux","","Chrome","108.0.5359.124","en","1280x3000","desktop","landing_page","/","User session analytics - Simple Site Analytics","","","","","","","","1280","3000","2023-01-07"
"US","iOS","15.6.1","Safari","15.6.1","en","2000x2000","mobile","landing_page","/","User session analytics - Simple Site Analytics","www.facebook.com","/","","","","","","1050","1862","2023-01-07"
"US","Windows","10.0","Chrome","108.0.0.0","en","2000x2000","desktop","landing_page","/","User session analytics - Simple Site Analytics","www.facebook.com","/","","","","","","1050","1907","2023-01-07"
"US","Android","10","Chrome","108.0.5359.79","en","360x640","mobile","landing_page","/","User session analytics - Simple Site Analytics","m.facebook.com","/","","","","","","500","502","2023-01-07"
"US","Android","8.1.0","Facebook","","en","320x569","mobile","landing_page","/","User session analytics - Simple Site Analytics","m.facebook.com","/","","","","","","320","407","2023-01-07"
"US","Windows","10.0","Chrome","108.0.0.0","en","2000x2000","desktop","landing_page","/","User session analytics - Simple Site Analytics","www.facebook.com","/","","","","","","1050","1862","2023-01-08"
"AU","iOS","16.1.1","Safari","16.1","en","320x568","mobile","landing_page","/","User session analytics - Simple Site Analytics","www.google.com","/url","","","","","","320","568","2023-01-08"
"AU","Windows","10.0","Chrome","108.0.0.0","en","1366x768","desktop","landing_page","/","User session analytics - Simple Site Analytics","www.google.com","/","","","","","","1366","768","2023-01-08"
"AU","Android","13","Chrome","108.0.0.0","en","467x1067","mobile","landing_page","/","User session analytics - Simple Site Analytics","www.google.com","/","","","","","","467","1067","2023-01-08"
"US","Android","4.2.1","Chrome","38.0.1025.166","en","384x800","mobile","landing_page","/","User session analytics - Simple Site Analytics","","","","","","","","384","800","2023-01-08"
"AU","Android","10","Chrome","108.0.0.0","en","377x837","mobile","landing_page","/","User session analytics - Simple Site Analytics","","","","","","","","377","706","2023-01-08"
"AU","Android","12","Samsung Internet","19.0","en","360x800","mobile","landing_page","/","User session analytics - Simple Site Analytics","","","","","","","","360","627","2023-01-08"
"AU","Android","","Samsung Internet","19.0","en","800x1334","desktop","landing_page","/","User session analytics - Simple Site Analytics","","","","","","","","980","1431","2023-01-08"
"AU","Android","11","Samsung Internet","19.0","en","360x880","mobile","landing_page","/","User session analytics - Simple Site Analytics","","","","","","","","360","705","2023-01-08"
"AU","Android","","Samsung Internet","19.0","en","800x1280","desktop","landing_page","/","User session analytics - Simple Site Analytics","","","","","","","","0","58764","2023-01-08"
"AU","Android","11","Chrome","108.0.0.0","en","360x780","mobile","landing_page","/","User session analytics - Simple Site Analytics","googleads.g.doubleclick.net","/","","","","","","360","648","2023-01-08"
"ZA","Windows","10.0","Chrome","108.0.0.0","en","1600x900","desktop","landing_page","/","User session analytics - Simple Site Analytics","googleads.g.doubleclick.net","/","","","","","","1600","757","2023-01-08"
"ZA","Android","11","Chrome","108.0.0.0","en","360x800","mobile","landing_page","/","User session analytics - Simple Site Analytics","webrate.org","/","","","","","","360","800","2023-01-08"
"AU","Android","11","Samsung Internet","19.0","en","360x880","mobile","landing_page","/","User session analytics - Simple Site Analytics","","","","","","","","0","58775","2023-01-08"
"US","Android","12","Facebook","","en","339x753","mobile","landing_page","/","User session analytics - Simple Site Analytics","lm.facebook.com","/","","","","","","339","584","2023-01-08"
"US","Android","11","Chrome","108.0.0.0","en","320x694","mobile","landing_page","/","User session analytics - Simple Site Analytics","","","","","","","","320","564","2023-01-08"
"US","iOS","15.0.1","Safari","15.0","es","375x812","mobile","landing_page","/","User session analytics - Simple Site Analytics","www.google.com","/","","","","","","375","635","2023-01-09"
"CA","Android","13","Chrome","108.0.0.0","en","360x800","mobile","landing_page","/","User session analytics - Simple Site Analytics","youtube.com","/","","","","","","360","670","2023-01-09"
"ZA","Android","10","Chrome","108.0.0.0","en","412x869","mobile","landing_page","/","User session analytics - Simple Site Analytics","youtube.com","/","","","","","","412","734","2023-01-09"
"US","iOS","15.6","Safari","15.6","en","390x844","mobile","landing_page","/","User session analytics - Simple Site Analytics","m.youtube.com","/","","","","","","390","663","2023-01-09"
"AU","Android","13","Chrome","108.0.0.0","en","376x835","mobile","landing_page","/","User session analytics - Simple Site Analytics","","","","","","","","376","690","2023-01-09"
"US","Android","11","Chrome","90.0.4430.210","en","412x915","mobile","landing_page","/","User session analytics - Simple Site Analytics","youtube.com","/","","","","","","412","779","2023-01-09"
"US","Android","11","Chrome","90.0.4430.210","en","412x915","mobile","pageview","/","User session analytics - Simple Site Analytics","youtube.com","/","","","","","","412","779","2023-01-09"
"US","iOS","16.1.1","Facebook","","en","414x896","mobile","landing_page","/","User session analytics - Simple Site Analytics","m.facebook.com","/","","","","","","414","832","2023-01-09"
"US","Android","13","Chrome","104.0.0.0","en","384x854","mobile","landing_page","/","User session analytics - Simple Site Analytics","youtube.com","/","","","","","","384","718","2023-01-09"
"US","Android","10","Chrome","108.0.0.0","en","377x816","mobile","landing_page","/","User session analytics - Simple Site Analytics","youtube.com","/","","","","","","377","675","2023-01-09"
"US","Android","10","Chrome","108.0.0.0","en","377x816","mobile","pageview","/","User session analytics - Simple Site Analytics","youtube.com","/","","","","","","377","675","2023-01-09"
"US","Android","12","Chrome","96.0.4664.61","en","984x432","mobile","landing_page","/","User session analytics - Simple Site Analytics","","","","","","","","890","408","2023-01-09"
"AU","Android","13","Chrome","108.0.0.0","en","376x835","mobile","landing_page","/","User session analytics - Simple Site Analytics","","","","","","","","376","690","2023-01-09"
"IE","iOS","16.1","Chrome","108.0.5359.112","en","2000x2000","mobile","landing_page","/","User session analytics - Simple Site Analytics","www.facebook.com","/","","","","","","1050","1907","2023-01-09"
"US","Android","11","Facebook","","en","915x412","mobile","landing_page","/","User session analytics - Simple Site Analytics","lm.facebook.com","/","","","","","","841","336","2023-01-09"
"US","OS X","10.15.7","Safari","16.1","en","1440x900","desktop","landing_page","/","User session analytics - Simple Site Analytics","l.facebook.com","/","","","","","","1367","717","2023-01-09"
"US","Windows","10.0","Chrome","108.0.0.0","en","1920x1849","desktop","landing_page","/","User session analytics - Simple Site Analytics","","","","","","","","1920","1849","2023-01-09"
"US","Windows","10.0","Chrome","108.0.0.0","en","1920x1849","desktop","landing_page","/","User session analytics - Simple Site Analytics","","","","","","","","1920","1849","2023-01-09"
"AU","Android","12","Chrome","108.0.0.0","en","384x854","mobile","landing_page","/","User session analytics - Simple Site Analytics","","","","","","","","0","59362","2023-01-09"
"AU","Android","12","Samsung Internet","13.0","en","412x892","mobile","landing_page","/","User session analytics - Simple Site Analytics","","","","","","","","412","704","2023-01-09"
"AU","Android","10","Chrome","104.0.0.0","en","412x892","mobile","landing_page","/","User session analytics - Simple Site Analytics","googleads.g.doubleclick.net","/","","","","","","412","751","2023-01-09"
"AU","Android","10","Chrome","104.0.0.0","en","412x892","mobile","pageview","/","User session analytics - Simple Site Analytics","googleads.g.doubleclick.net","/","","","","","","412","751","2023-01-09"
"ZA","Android","12","Samsung Internet","19.0","en","412x915","mobile","landing_page","/","User session analytics - Simple Site Analytics","","","","","","","","412","738","2023-01-09"
"ZA","Android","12","Chrome","108.0.0.0","en","393x873","mobile","landing_page","/","User session analytics - Simple Site Analytics","productosdebelleza.net","/","","","","","","393","461","2023-01-09"
"IN","Windows","10.0","Chrome","108.0.0.0","en","1366x768","desktop","landing_page","/contact","Contact - Simple Site Analytics","","","","","","","","1366","616","2023-01-09"
"IN","Windows","10.0","Chrome","108.0.0.0","en","1366x768","desktop","pageview","/contact","Contact - Simple Site Analytics","","","","","","","","1366","616","2023-01-09"
"US","Android","12","Facebook","","en","360x760","mobile","landing_page","/","User session analytics - Simple Site Analytics","l.facebook.com","/","","","","","","378","566","2023-01-09"
"US","Android","12","Chrome","107.0.0.0","en","360x800","mobile","landing_page","/","User session analytics - Simple Site Analytics","youtube.com","/","","","","","","360","674","2023-01-10"
"US","Android","12","Chrome","107.0.0.0","en","360x800","mobile","pageview","/","User session analytics - Simple Site Analytics","","","","","","","","360","674","2023-01-10"
"AU","Android","12","Chrome","108.0.0.0","en","800x1334","tablet","landing_page","/","User session analytics - Simple Site Analytics","","","","","","","","800","1166","2023-01-10"
"AU","Android","11","Chrome","108.0.0.0","en","360x800","mobile","landing_page","/","User session analytics - Simple Site Analytics","","","","","","","","360","665","2023-01-10"
"AU","Android","11","Chrome","108.0.0.0","en","360x800","mobile","pageview","/","User session analytics - Simple Site Analytics","","","","","","","","360","665","2023-01-10"
"AU","Android","11","Chrome","108.0.0.0","en","360x800","mobile","pageview","/","User session analytics - Simple Site Analytics","","","","","","","","360","665","2023-01-10"
"AU","Android","11","Chrome","108.0.0.0","en","360x800","mobile","pageview","/","User session analytics - Simple Site Analytics","","","","","","","","360","665","2023-01-10"
"ZA","Android","8.1.0","Samsung Internet","7.2","en","360x740","mobile","landing_page","/","User session analytics - Simple Site Analytics","","","","","","","","360","620","2023-01-10"
"ZA","Android","11","Vivo Browser","9.6.0.0","en","360x772","mobile","landing_page","/","User session analytics - Simple Site Analytics","","","","","","","","360","601","2023-01-10"
"ZA","Windows","10.0","Edge","108.0.1462.76","en","1366x768","desktop","landing_page","/","User session analytics - Simple Site Analytics","webrate.org","/","","","","","","978","647","2023-01-10"
"SV","Android","11","Facebook","","es","360x800","mobile","landing_page","/","User session analytics - Simple Site Analytics","l.facebook.com","/","","","","","","378","642","2023-01-10"
"US","Android","11","Facebook","","en","412x915","mobile","landing_page","/register","Sign up - Simple Site Analytics","www.simplesiteanalytics.com","/","","","","","","412","740","2023-01-10"
"AU","Android","10","Ecosia Browser","101.0.4951.41","en","412x846","mobile","landing_page","/","User session analytics - Simple Site Analytics","","","","","","","","412","718","2023-01-11"
"US","Android","10","Facebook","","es","412x892","mobile","landing_page","/","User session analytics - Simple Site Analytics","lm.facebook.com","/","","","","","","412","711","2023-01-11"
"US","Android","12","Facebook","","es","385x854","mobile","landing_page","/","User session analytics - Simple Site Analytics","l.facebook.com","/","","","","","","384","685","2023-01-11"
"AU","Android","11","Chrome","108.0.0.0","en","412x915","mobile","landing_page","/","User session analytics - Simple Site Analytics","googleads.g.doubleclick.net","/","","","","","","412","777","2023-01-11"
"AU","Android","10","Chrome","81.0.4044.138","en","800x1280","tablet","landing_page","/","User session analytics - Simple Site Analytics","","","","","","","","800","1112","2023-01-11"
"US","Android","11","Chrome","108.0.0.0","en","412x877","mobile","landing_page","/","User session analytics - Simple Site Analytics","youtube.com","/","","","","","","412","726","2023-01-11"
"ZA","Android","12","Chrome","108.0.0.0","en","384x854","mobile","landing_page","/","User session analytics - Simple Site Analytics","googleads.g.doubleclick.net","/","","","","","","384","724","2023-01-11"
"AU","Android","10","Chrome","102.0.0.0","en","320x694","mobile","landing_page","/","User session analytics - Simple Site Analytics","m.youtube.com","/","","","","","","320","608","2023-01-11"
"ZA","Android","5.1.1","Chrome","95.0.4638.74","en","320x534","mobile","landing_page","/","User session analytics - Simple Site Analytics","googleads.g.doubleclick.net","/","","","","","","320","404","2023-01-11"
"ZA","Android","5.1.1","Chrome","95.0.4638.74","en","320x534","mobile","pageview","/register","Sign up - Simple Site Analytics","www.simplesiteanalytics.com","/","","","","","","320","404","2023-01-11"
"ZA","Android","5.1.1","Chrome","95.0.4638.74","en","320x534","mobile","pageview","/reset-password/5c72246b3986d95f249d531f340c353f/7b871f13b9b687f0d8764c83ebb667ba","Set a new password - Simple Site Analytics","accounts.google.com","/","","","","","","320","404","2023-01-11"
"ZA","Android","5.1.1","Chrome","95.0.4638.74","en","320x534","mobile","pageview","/websites","Websites - Simple Site Analytics","www.simplesiteanalytics.com","/reset-password/5c72246b3986d95f249d531f340c353f/7b871f13b9b687f0d8764c83ebb667ba","","","","","","320","404","2023-01-11"
"ZA","Android","5.1.1","Chrome","95.0.4638.74","en","320x534","mobile","pageview","/websites","Websites - Simple Site Analytics","","","","","","","","320","404","2023-01-11"
"ZA","Android","5.1.1","Chrome","95.0.4638.74","en","320x534","mobile","pageview","/websites","Websites - Simple Site Analytics","","","","","","","","320","404","2023-01-11"
"ZA","Android","5.1.1","Chrome","95.0.4638.74","en","320x534","mobile","pageview","/websites","Websites - Simple Site Analytics","www.simplesiteanalytics.com","/reset-password/5c72246b3986d95f249d531f340c353f/7b871f13b9b687f0d8764c83ebb667ba","","","","","","320","404","2023-01-11"
"ZA","Android","11","Chrome","108.0.0.0","en","412x915","mobile","landing_page","/","User session analytics - Simple Site Analytics","googleads.g.doubleclick.net","/","","","","","","412","781","2023-01-11"
"US","Android","11","Chrome","108.0.0.0","en","412x915","mobile","landing_page","/","User session analytics - Simple Site Analytics","youtube.com","/","","","","","","412","791","2023-01-11"
"US","Android","11","Facebook","","en","320x570","mobile","landing_page","/","User session analytics - Simple Site Analytics","l.facebook.com","/","","","","","","320","402","2023-01-11"
"US","Android","12","Firefox Mobile","109.0","en","414x897","mobile","landing_page","/","User session analytics - Simple Site Analytics","l.facebook.com","/","","","","","","414","769","2023-01-11"
"US","Android","12","Facebook","","en","320x712","mobile","landing_page","/","User session analytics - Simple Site Analytics","lm.facebook.com","/","","","","","","323","553","2023-01-11"
"US","Android","11","Facebook","","en","412x915","mobile","landing_page","/","User session analytics - Simple Site Analytics","l.facebook.com","/","","","","","","412","740","2023-01-12"
"US","Android","8.0.0","Facebook","","es","320x569","mobile","landing_page","/","User session analytics - Simple Site Analytics","l.facebook.com","/","","","","","","322","453","2023-01-12"
"ZA","Android","11","Chrome","108.0.0.0","en","800x1280","tablet","landing_page","/register","Sign up - Simple Site Analytics","www.simplesiteanalytics.com","/","","","","","","800","1160","2023-01-12"
"ZA","Android","11","Chrome","108.0.0.0","en","800x1280","tablet","pageview","/register","Sign up - Simple Site Analytics","","","","","","","","800","1160","2023-01-12"
"ZA","Android","11","Chrome","108.0.0.0","en","800x1280","tablet","pageview","/","User session analytics - Simple Site Analytics","","","","","","","","800","1160","2023-01-12"
"ZA","Android","10","Chrome","108.0.0.0","en","360x771","mobile","landing_page","/","User session analytics - Simple Site Analytics","www.soolide.com","/","","","","","","360","647","2023-01-12"
"AU","Android","11","Samsung Internet","19.0","en","412x892","mobile","landing_page","/","User session analytics - Simple Site Analytics","","","","","","","","412","718","2023-01-12"
"AU","Android","10","Chrome","100.0.4896.127","en","360x748","mobile","landing_page","/","User session analytics - Simple Site Analytics","youtube.com","/","","","","","","360","627","2023-01-12"
"ZA","Android","11","Chrome","108.0.0.0","en","360x820","mobile","landing_page","/","User session analytics - Simple Site Analytics","","","","","","","","360","679","2023-01-12"
"ZA","Android","8.1.0","Chrome","108.0.0.0","en","360x640","mobile","landing_page","/","User session analytics - Simple Site Analytics","","","","","","","","360","640","2023-01-12"
"ZA","Android","10","Chrome","108.0.0.0","en","320x686","mobile","landing_page","/","User session analytics - Simple Site Analytics","","","","","","","","320","569","2023-01-12"
"ZA","Android","10","Chrome","108.0.0.0","en","320x686","mobile","pageview","/","User session analytics - Simple Site Analytics","","","","","","","","320","569","2023-01-12"
"ZA","Android","10","Chrome","108.0.0.0","en","320x686","mobile","pageview","/","User session analytics - Simple Site Analytics","","","","","","","","320","606","2023-01-12"
"ZA","Android","10","Chrome","108.0.0.0","en","320x686","mobile","pageview","/","User session analytics - Simple Site Analytics","","","","","","","","320","606","2023-01-12"
"ZA","Android","10","Chrome","108.0.0.0","en","320x686","mobile","pageview","/","User session analytics - Simple Site Analytics","","","","","","","","320","569","2023-01-12"
"ZA","Android","10","Chrome","108.0.0.0","en","320x686","mobile","pageview","/","User session analytics - Simple Site Analytics","","","","","","","","320","569","2023-01-12"
"ZA","Android","10","Chrome","108.0.0.0","en","320x686","mobile","pageview","/","User session analytics - Simple Site Analytics","","","","","","","","320","569","2023-01-12"
"ZA","Android","10","Chrome","108.0.0.0","en","320x686","mobile","pageview","/","User session analytics - Simple Site Analytics","","","","","","","","320","569","2023-01-12"
"ZA","Android","10","Chrome","108.0.0.0","en","320x686","mobile","pageview","/","User session analytics - Simple Site Analytics","","","","","","","","320","569","2023-01-12"
"AU","Android","13","Samsung Internet","19.0","en","360x800","mobile","landing_page","/","User session analytics - Simple Site Analytics","","","","","","","","360","630","2023-01-12"
"ZA","Android","10","Chrome","108.0.0.0","en","320x676","mobile","landing_page","/","User session analytics - Simple Site Analytics","","","","","","","","320","541","2023-01-12"
"IE","iOS","16.1","Chrome","108.0.5359.112","en","2000x2000","mobile","landing_page","/","User session analytics - Simple Site Analytics","www.facebook.com","/","","","","","","1050","1907","2023-01-12"
"GB","Android","11","Chrome","108.0.0.0","en","384x858","mobile","landing_page","/","User session analytics - Simple Site Analytics","youtube.com","/","","","","","","384","749","2023-01-12"
"US","iOS","16.1.2","Safari","16.1","en","428x926","mobile","landing_page","/","User session analytics - Simple Site Analytics","m.youtube.com","/","","","","","","428","746","2023-01-12"
"US","Linux","","Chrome","108.0.5359.124","en","1280x3000","desktop","landing_page","/","User session analytics - Simple Site Analytics","","","","","","","","1280","3000","2023-01-12"
"ZA","Android","10","Chrome","108.0.0.0","en","320x686","mobile","landing_page","/","User session analytics - Simple Site Analytics","","","","","","","","320","569","2023-01-12"
"US","iOS","16.0","Facebook","","en","390x844","mobile","landing_page","/","User session analytics - Simple Site Analytics","m.facebook.com","/","","","","","","390","671","2023-01-12"
"AU","Android","11","Chrome","108.0.0.0","en","800x1280","tablet","landing_page","/","User session analytics - Simple Site Analytics","","","","","","","","800","1112","2023-01-13"
"AU","Android","11","Chrome","108.0.0.0","en","800x1280","tablet","landing_page","/","User session analytics - Simple Site Analytics","","","","","","","","800","1112","2023-01-13"
"ZA","Android","11","Chrome","108.0.0.0","en","360x820","mobile","landing_page","/","User session analytics - Simple Site Analytics","","","","","","","","360","679","2023-01-13"
"ZA","Android","12","Chrome","108.0.0.0","en","384x857","mobile","landing_page","/","User session analytics - Simple Site Analytics","","","","","","","","384","729","2023-01-13"
"ZA","Android","9","Chrome","95.0.4638.74","en","640x360","mobile","landing_page","/","User session analytics - Simple Site Analytics","","","","","","","","360","520","2023-01-13"
"US","Android","12","Samsung Internet","19.0","en","384x811","mobile","landing_page","/","User session analytics - Simple Site Analytics","","","","","","","","384","629","2023-01-13"
"US","Android","12","Samsung Internet","19.0","en","384x811","mobile","landing_page","/","User session analytics - Simple Site Analytics","","","","","","","","0","58880","2023-01-13"
"ZA","Android","12","Samsung Internet","19.0","en","384x854","mobile","landing_page","/","User session analytics - Simple Site Analytics","","","","","","","","384","675","2023-01-13"
"ZA","Android","11","Chrome","108.0.0.0","en","393x851","mobile","landing_page","/","User session analytics - Simple Site Analytics","","","","","","","","393","719","2023-01-13"
"ZA","Android","11","Chrome","108.0.0.0","en","360x820","mobile","landing_page","/","User session analytics - Simple Site Analytics","","","","","","","","360","679","2023-01-13"
"ZA","Android","13","Samsung Internet","19.0","en","360x800","mobile","landing_page","/","User session analytics - Simple Site Analytics","","","","","","","","360","627","2023-01-13"
"ZA","Android","13","Samsung Internet","19.0","en","384x854","mobile","landing_page","/","User session analytics - Simple Site Analytics","","","","","","","","384","777","2023-01-13"
"ZA","Android","12","Chrome","108.0.0.0","en","384x854","mobile","landing_page","/","User session analytics - Simple Site Analytics","www.soolide.com","/","","","","","","384","721","2023-01-13"
"ZA","OS X","10.15.7","Safari","15.6","en","1440x900","desktop","landing_page","/","User session analytics - Simple Site Analytics","","","","","","","","1023","745","2023-01-13"
"CA","Android","11","Samsung Internet","19.0","fr","385x854","mobile","landing_page","/","User session analytics - Simple Site Analytics","","","","","","","","384","686","2023-01-13"
"ZA","Android","8.0.0","Samsung Internet","19.0","en","320x569","mobile","landing_page","/","User session analytics - Simple Site Analytics","googleads.g.doubleclick.net","/","","","","","","320","497","2023-01-13"
"ZA","Android","12","Chrome","108.0.0.0","en","384x854","mobile","landing_page","/","User session analytics - Simple Site Analytics","googleads.g.doubleclick.net","/","","","","","","384","718","2023-01-13"
"US","Android","12","Samsung Internet","19.0","en","384x811","mobile","landing_page","/","User session analytics - Simple Site Analytics","","","","","","","","0","58880","2023-01-13"
"ZA","Android","10","Chrome","100.0.4896.79","en","360x800","mobile","landing_page","/","User session analytics - Simple Site Analytics","","","","","","","","360","669","2023-01-13"
"ZA","Android","11","Chrome","108.0.0.0","en","393x873","mobile","landing_page","/","User session analytics - Simple Site Analytics","","","","","","","","393","736","2023-01-13"
"US","Linux","","Chrome","108.0.0.0","en","385x854","desktop","landing_page","/","User session analytics - Simple Site Analytics","","","","","","","","980","1853","2023-01-13"
"ZA","Android","11","Chrome","109.0.0.0","en","320x694","mobile","landing_page","/","User session analytics - Simple Site Analytics","latestnews.fresherslive.com","/","","","","","","320","566","2023-01-13"
"US","Android","12","Samsung Internet","19.0","en","384x811","mobile","landing_page","/","User session analytics - Simple Site Analytics","","","","","","","","0","58880","2023-01-13"
"ZA","Android","10","Huawei Browser","11.1.5.315","en","360x800","mobile","landing_page","/","User session analytics - Simple Site Analytics","googleads.g.doubleclick.net","/pagead/ads","","","","","","360","722","2023-01-13"
"ZA","Android","8.1.0","Chrome","108.0.0.0","en","360x640","mobile","landing_page","/","User session analytics - Simple Site Analytics","","","","","","","","360","512","2023-01-13"
"ZA","Android","8.1.0","Chrome","108.0.0.0","en","360x640","mobile","pageview","/","User session analytics - Simple Site Analytics","","","","","","","","360","512","2023-01-13"
"ZA","Android","12","Chrome","108.0.0.0","en","385x854","mobile","landing_page","/","User session analytics - Simple Site Analytics","7ca9e297222aeea4c1553791a74a0dbc.safeframe.googlesyndication.com","/","","","","","","384","726","2023-01-13"
"ZA","Android","6.0.1","Chrome","106.0.0.0","en","360x640","mobile","landing_page","/","User session analytics - Simple Site Analytics","website-informer-com.cdn.ampproject.org","/v/s/website.informer.com/amphtml/gvlive.org","","","","","","360","560","2023-01-13"
"ZA","Android","6.0.1","Chrome","106.0.0.0","en","360x640","mobile","pageview","/register","Sign up - Simple Site Analytics","www.simplesiteanalytics.com","/","","","","","","360","560","2023-01-13"
"ZA","Android","6.0.1","Chrome","106.0.0.0","en","360x640","mobile","pageview","/register","Sign up - Simple Site Analytics","","","","","","","","360","560","2023-01-13"
"ZA","Android","6.0.1","Chrome","106.0.0.0","en","360x640","mobile","pageview","/register","Sign up - Simple Site Analytics","www.simplesiteanalytics.com","/","","","","","","360","560","2023-01-13"
"ZA","Android","6.0.1","Chrome","106.0.0.0","en","360x640","mobile","pageview","/","User session analytics - Simple Site Analytics","website-informer-com.cdn.ampproject.org","/v/s/website.informer.com/amphtml/gvlive.org","","","","","","360","560","2023-01-13"
"ZA","Android","11","Chrome","109.0.0.0","en","320x694","mobile","landing_page","/","User session analytics - Simple Site Analytics","","","","","","","","320","566","2023-01-13"
"US","iOS","15.7.1","Facebook","","en","375x667","mobile","landing_page","/","User session analytics - Simple Site Analytics","m.facebook.com","/","","","","","","375","537","2023-01-13"
"US","Android","12","Chrome","108.0.5359.128","en","360x780","mobile","landing_page","/","User session analytics - Simple Site Analytics","googleads.g.doubleclick.net","/","","","","","","360","746","2023-01-13"
"US","Android","11","Facebook","","en","412x915","mobile","landing_page","/","User session analytics - Simple Site Analytics","l.facebook.com","/","","","","","","412","745","2023-01-14"
"AU","Android","11","Chrome","108.0.0.0","en","800x1280","tablet","landing_page","/","User session analytics - Simple Site Analytics","","","","","","","","800","1112","2023-01-14"
"AU","Android","11","Chrome","108.0.0.0","en","800x1280","tablet","pageview","/","User session analytics - Simple Site Analytics","","","","","","","","800","1112","2023-01-14"
"AU","Android","11","Samsung Internet","19.0","en","412x892","mobile","landing_page","/","User session analytics - Simple Site Analytics","","","","","","","","412","718","2023-01-14"
"AU","Android","12","Chrome","109.0.0.0","en","412x883","mobile","landing_page","/","User session analytics - Simple Site Analytics","","","","","","","","412","753","2023-01-14"
"AU","Android","","Samsung Internet","19.0","en","800x1280","desktop","landing_page","/","User session analytics - Simple Site Analytics","","","","","","","","980","1365","2023-01-14"
"ZA","Android","10","Chrome","108.0.0.0","en","360x780","mobile","landing_page","/","User session analytics - Simple Site Analytics","googleads.g.doubleclick.net","/","","","","","","360","755","2023-01-14"
"AU","Android","13","Samsung Internet","19.0","en","384x824","mobile","landing_page","/","User session analytics - Simple Site Analytics","","","","","","","","384","653","2023-01-14"
"US","iOS","16.1.2","Safari","16.1","en","320x568","mobile","landing_page","/","User session analytics - Simple Site Analytics","","","","","","","","320","568","2023-01-14"
"ZA","Android","12","Samsung Internet","19.0","en","384x857","mobile","landing_page","/","User session analytics - Simple Site Analytics","googleads.g.doubleclick.net","/","","","","","","384","689","2023-01-14"
"ZA","Android","12","Samsung Internet","19.0","en","384x857","mobile","pageview","/register","Sign up - Simple Site Analytics","www.simplesiteanalytics.com","/","","","","","","384","689","2023-01-14"
"ZA","Android","10","Facebook","","en","360x760","mobile","landing_page","/","User session analytics - Simple Site Analytics","googleads.g.doubleclick.net","/","","","","","","360","593","2023-01-14"
"ZA","Android","11","Chrome","109.0.0.0","en","320x694","mobile","landing_page","/","User session analytics - Simple Site Analytics","","","","","","","","320","566","2023-01-14"
"ZA","Android","12","Samsung Internet","19.0","en","345x883","mobile","landing_page","/","User session analytics - Simple Site Analytics","","","","","","","","345","802","2023-01-14"
"ZA","Android","12","Chrome","108.0.5359.128","en","393x873","mobile","landing_page","/","User session analytics - Simple Site Analytics","","","","","","","","393","708","2023-01-14"
"ZA","Android","12","Chrome","108.0.0.0","en","384x854","mobile","landing_page","/","User session analytics - Simple Site Analytics","googleads.g.doubleclick.net","/","","","","","","384","718","2023-01-14"
"GB","Android","12","Chrome","105.0.0.0","en","384x854","mobile","landing_page","/","User session analytics - Simple Site Analytics","","","","","","","","384","721","2023-01-14"
"ZA","Android","10","Chrome","109.0.0.0","en","320x686","mobile","landing_page","/","User session analytics - Simple Site Analytics","","","","","","","","320","569","2023-01-14"
"ZA","Android","10","Chrome","109.0.0.0","en","320x686","mobile","landing_page","/","User session analytics - Simple Site Analytics","","","","","","","","320","569","2023-01-14"
"ZA","Android","8.0.0","Chrome","108.0.0.0","en","412x732","mobile","landing_page","/","User session analytics - Simple Site Analytics","googleads.g.doubleclick.net","/","","","","","","412","652","2023-01-14"
"GB","Android","12","Chrome","105.0.0.0","en","384x854","mobile","landing_page","/","User session analytics - Simple Site Analytics","","","","","","","","384","721","2023-01-14"
"CA","Android","13","Samsung Internet","19.0","en","360x800","mobile","landing_page","/","User session analytics - Simple Site Analytics","","","","","","","","360","675","2023-01-14"
"AU","Android","","Samsung Internet","19.0","en","800x1280","desktop","landing_page","/","User session analytics - Simple Site Analytics","","","","","","","","0","58878","2023-01-15"
"AU","Android","12","Chrome","109.0.0.0","en","412x883","mobile","landing_page","/","User session analytics - Simple Site Analytics","","","","","","","","412","753","2023-01-15"
"US","iOS","16.1.1","Safari","16.1","en","414x886","mobile","landing_page","/","User session analytics - Simple Site Analytics","","","","","","","","414","886","2023-01-15"
"AU","Android","11","Samsung Internet","19.0","en","412x892","mobile","landing_page","/","User session analytics - Simple Site Analytics","","","","","","","","412","718","2023-01-15"
"ZA","Android","10","Chrome","109.0.0.0","en","320x686","mobile","landing_page","/","User session analytics - Simple Site Analytics","","","","","","","","320","569","2023-01-15"
"ZA","Android","9","Chrome","95.0.4638.74","en","640x360","mobile","landing_page","/","User session analytics - Simple Site Analytics","","","","","","","","601","280","2023-01-15"
"AU","Android","12","Chrome","108.0.0.0","en","800x1334","tablet","landing_page","/","User session analytics - Simple Site Analytics","","","","","","","","800","1166","2023-01-15"
"AU","Android","12","Chrome","108.0.0.0","en","915x412","mobile","landing_page","/","User session analytics - Simple Site Analytics","youtube.com","/","","","","","","832","332","2023-01-15"
"AU","Android","11","Chrome","108.0.0.0","en","800x1280","tablet","landing_page","/","User session analytics - Simple Site Analytics","","","","","","","","800","1112","2023-01-15"
"AU","Android","12","Chrome","108.0.0.0","en","360x800","mobile","landing_page","/","User session analytics - Simple Site Analytics","","","","","","","","360","664","2023-01-15"
"AU","Android","12","Samsung Internet","18.0","en","385x854","mobile","landing_page","/","User session analytics - Simple Site Analytics","","","","","","","","384","686","2023-01-15"
"ZA","Android","9","Chrome","108.0.0.0","en","360x720","mobile","landing_page","/","User session analytics - Simple Site Analytics","www.smartworldmag.com","/","","","","","","360","598","2023-01-15"
"ZA","Android","8.1.0","Chrome","98.0.4758.101","en","320x694","mobile","landing_page","/","User session analytics - Simple Site Analytics","","","","","","","","320","575","2023-01-15"
"AU","Android","","Samsung Internet","19.0","en","800x1280","desktop","landing_page","/","User session analytics - Simple Site Analytics","","","","","","","","980","1365","2023-01-15"
"AU","Android","","Samsung Internet","19.0","en","800x1280","desktop","pageview","/","User session analytics - Simple Site Analytics","","","","","","","","980","1365","2023-01-15"
"CA","iOS","16.0","Safari","16.0","en","390x844","mobile","landing_page","/","User session analytics - Simple Site Analytics","","","","","","","","390","664","2023-01-15"
"CA","Android","13","Chrome","108.0.0.0","en","854x385","mobile","landing_page","/","User session analytics - Simple Site Analytics","youtube.com","/","","","","","","826","304","2023-01-15"
"AU","Android","13","Chrome","109.0.0.0","en","384x857","mobile","landing_page","/","User session analytics - Simple Site Analytics","googleads.g.doubleclick.net","/","","","","","","384","728","2023-01-15"
"CA","Android","13","Chrome","108.0.0.0","en","360x780","mobile","landing_page","/","User session analytics - Simple Site Analytics","youtube.com","/","","","","","","360","649","2023-01-15"
"ZA","Android","10","Chrome","109.0.0.0","en","534x854","mobile","landing_page","/","User session analytics - Simple Site Analytics","","","","","","","","534","758","2023-01-15"
"GB","iOS","16.1.1","Safari","16.1","en","390x844","mobile","landing_page","/","User session analytics - Simple Site Analytics","googleads.g.doubleclick.net","/","","","","","","750","307","2023-01-15"
"GB","iOS","16.3","Safari","16.2","en","414x896","mobile","landing_page","/","User session analytics - Simple Site Analytics","googleads.g.doubleclick.net","/","","","","","","414","718","2023-01-15"
"ZA","iOS","16.1.1","Safari","16.1","en","390x844","mobile","landing_page","/","User session analytics - Simple Site Analytics","","","","","","","","390","670","2023-01-15"
"CA","Android","13","Samsung Internet","19.0","en","384x854","mobile","landing_page","/","User session analytics - Simple Site Analytics","","","","","","","","384","732","2023-01-15"
"ZA","Android","11","Chrome","109.0.0.0","en","412x915","mobile","landing_page","/","User session analytics - Simple Site Analytics","simpleflying.com","/","","","","","","412","781","2023-01-15"
"ZA","Android","12","Chrome","108.0.0.0","en","360x806","mobile","landing_page","/","User session analytics - Simple Site Analytics","","","","","","","","360","674","2023-01-15"
"ZA","Android","12","Chrome","108.0.0.0","en","360x806","mobile","pageview","/","User session analytics - Simple Site Analytics","","","","","","","","360","674","2023-01-15"
"US","Android","11","Chrome","108.0.0.0","zh","384x854","mobile","landing_page","/","User session analytics - Simple Site Analytics","youtube.com","/","","","","","","384","723","2023-01-15"
"GB","Android","9","Silk","106.5.7","en","962x601","tablet","landing_page","/","User session analytics - Simple Site Analytics","m.youtube.com","/","","","","","","962","415","2023-01-15"
"US","Android","12","Chrome","108.0.0.0","en","360x800","mobile","landing_page","/","User session analytics - Simple Site Analytics","youtube.com","/","","","","","","360","704","2023-01-15"
"ZA","Android","11","Chrome","108.0.0.0","en","1280x800","tablet","landing_page","/","User session analytics - Simple Site Analytics","youtube.com","/","","","","","","1280","664","2023-01-16"
"ZA","Android","13","Samsung Internet","19.0","en","384x854","mobile","landing_page","/","User session analytics - Simple Site Analytics","","","","","","","","384","775","2023-01-16"
"ZA","Android","13","Samsung Internet","19.0","en","384x854","mobile","pageview","/register","Sign up - Simple Site Analytics","www.simplesiteanalytics.com","/","","","","","","384","775","2023-01-16"
"ZA","Android","13","Samsung Internet","19.0","en","384x854","mobile","pageview","/","User session analytics - Simple Site Analytics","","","","","","","","384","679","2023-01-16"
"ZA","Android","10","Chrome","109.0.0.0","en","320x686","mobile","landing_page","/","User session analytics - Simple Site Analytics","","","","","","","","320","569","2023-01-16"
"ZA","Android","11","Chrome","109.0.0.0","af","412x892","mobile","landing_page","/","User session analytics - Simple Site Analytics","","","","","","","","412","758","2023-01-16"
"ZA","Android","10","Chrome","109.0.0.0","en","320x686","mobile","landing_page","/","User session analytics - Simple Site Analytics","","","","","","","","320","569","2023-01-16"
"ZA","Android","11","Chrome","108.0.0.0","en","360x800","mobile","landing_page","/","User session analytics - Simple Site Analytics","youtube.com","/","","","","","","360","800","2023-01-16"
"GB","Android","10","Chrome","107.0.0.0","en","412x915","mobile","landing_page","/","User session analytics - Simple Site Analytics","youtube.com","/","","","","","","412","784","2023-01-16"
"GB","Android","10","Chrome","107.0.0.0","en","412x915","mobile","pageview","/","User session analytics - Simple Site Analytics","youtube.com","/","","","","","","412","784","2023-01-16"
"ZA","Android","13","Samsung Internet","19.0","en","412x915","mobile","landing_page","/","User session analytics - Simple Site Analytics","","","","","","","","412","740","2023-01-16"
"ZA","Android","10","Chrome","109.0.0.0","en","424x907","mobile","landing_page","/","User session analytics - Simple Site Analytics","youtube.com","/","","","","","","424","771","2023-01-16"
"ZA","Android","11","Chrome","108.0.0.0","en","360x800","mobile","landing_page","/","User session analytics - Simple Site Analytics","youtube.com","/","","","","","","360","674","2023-01-16"
"CA","Android","8.1.0","Samsung Internet","19.0","en","360x640","mobile","landing_page","/","User session analytics - Simple Site Analytics","","","","","","","","360","568","2023-01-16"
"ZA","Android","10","Huawei Browser","12.1.1.323","en","360x800","mobile","landing_page","/","User session analytics - Simple Site Analytics","googleads.g.doubleclick.net","/pagead/ads","","","","","","360","681","2023-01-16"
"ZA","Android","10","Huawei Browser","11.1.2.332","en","360x800","mobile","landing_page","/","User session analytics - Simple Site Analytics","m.youtube.com","/watch","","","","","","360","722","2023-01-16"
"ZA","Android","4.4.2","Chrome","81.0.4044.138","en","601x962","tablet","landing_page","/","User session analytics - Simple Site Analytics","googleads.g.doubleclick.net","/pagead/html/r20230111/r20110914/zrt_lookup.html","","","","","","602","874","2023-01-16"
"GB","Android","10","Ecosia Browser","101.0.4951.41","en","770x360","mobile","landing_page","/","User session analytics - Simple Site Analytics","","","","","","","","697","270","2023-01-16"
"US","Android","10","Chrome","108.0.0.0","en","412x869","mobile","landing_page","/","User session analytics - Simple Site Analytics","youtube.com","/","","","","","","412","763","2023-01-16"
"GB","Android","9","MIUI Browser","13.14.2","en","360x720","mobile","landing_page","/","User session analytics - Simple Site Analytics","","","","","","","","404","609","2023-01-16"
"GB","Android","12","Samsung Internet","19.0","en","320x712","mobile","landing_page","/","User session analytics - Simple Site Analytics","","","","","","","","320","596","2023-01-16"
"ZA","Android","6.0.1","Chrome","103.0.0.0","en","360x640","mobile","landing_page","/","User session analytics - Simple Site Analytics","","","","","","","","0","58879","2023-01-16"
"ZA","Android","6.0.1","Chrome","103.0.0.0","en","360x640","mobile","pageview","/","User session analytics - Simple Site Analytics","","","","","","","","0","58879","2023-01-16"
"US","iOS","16.1.1","Safari","16.1","es","390x844","mobile","landing_page","/","User session analytics - Simple Site Analytics","","","","","","","","390","658","2023-01-16"
"US","Android","11","Chrome","108.0.0.0","en","854x534","mobile","landing_page","/","User session analytics - Simple Site Analytics","youtube.com","/","","","","","","854","406","2023-01-16"
"CA","Android","10","Chrome","109.0.0.0","en","360x740","mobile","landing_page","/","User session analytics - Simple Site Analytics","youtube.com","/","","","","","","360","645","2023-01-16"
"GB","Android","9","Chrome","108.0.0.0","en","740x360","mobile","landing_page","/","User session analytics - Simple Site Analytics","youtube.com","/","","","","","","692","280","2023-01-17"
"US","Android","11","Chrome","109.0.0.0","en","360x800","mobile","landing_page","/","User session analytics - Simple Site Analytics","youtube.com","/","","","","","","360","670","2023-01-17"
"US","iOS","16.1","Google Search","243.0.495136164","en","390x844","mobile","landing_page","/","User session analytics - Simple Site Analytics","","","","","","","","390","797","2023-01-17"
"ZA","Android","12","Chrome","108.0.0.0","en","360x806","mobile","landing_page","/","User session analytics - Simple Site Analytics","","","","","","","","360","674","2023-01-17"
"ZA","Android","13","Chrome","108.0.0.0","en","412x915","mobile","landing_page","/","User session analytics - Simple Site Analytics","","","","","","","","412","776","2023-01-17"
"ZA","Android","10","Chrome","108.0.0.0","en","320x676","mobile","landing_page","/","User session analytics - Simple Site Analytics","","","","","","","","320","541","2023-01-17"
"ZA","Android","11","Chrome","108.0.0.0","en","412x915","mobile","landing_page","/","User session analytics - Simple Site Analytics","youtube.com","/","","","","","","412","781","2023-01-17"
"ZA","Android","11","Chrome","108.0.0.0","en","412x915","mobile","landing_page","/","User session analytics - Simple Site Analytics","youtube.com","/","","","","","","412","781","2023-01-17"
"GB","Android","10","Chrome","83.0.4103.106","en","360x780","mobile","landing_page","/","User session analytics - Simple Site Analytics","youtube.com","/mobile","","","","","","360","657","2023-01-17"
"ZA","Linux","","Chrome","108.0.0.0","en","360x800","desktop","landing_page","/","User session analytics - Simple Site Analytics","googleads.g.doubleclick.net","/","","","","","","980","1816","2023-01-17"
"ZA","Android","10","Huawei Browser","12.1.3.304","en","360x770","mobile","landing_page","/","User session analytics - Simple Site Analytics","m.youtube.com","/watch","","","","","","360","682","2023-01-17"
"ZA","Windows","10.0","Chrome","109.0.0.0","en","1366x768","desktop","landing_page","/","User session analytics - Simple Site Analytics","googleads.g.doubleclick.net","/","","","","","","1366","617","2023-01-17"
"ZA","Android","10","Chrome","109.0.0.0","en","360x800","mobile","landing_page","/","User session analytics - Simple Site Analytics","youtube.com","/","","","","","","360","717","2023-01-17"
"ZA","Android","10","Chrome","109.0.0.0","en","360x800","mobile","pageview","/","User session analytics - Simple Site Analytics","youtube.com","/","","","","","","360","717","2023-01-17"
"ZA","Android","10","Chrome","109.0.0.0","en","360x800","mobile","pageview","/","User session analytics - Simple Site Analytics","youtube.com","/","","","","","","360","717","2023-01-17"
"ZA","Android","10","Chrome","109.0.0.0","en","360x800","mobile","pageview","/","User session analytics - Simple Site Analytics","youtube.com","/","","","","","","360","717","2023-01-17"
"ZA","Android","10","Chrome","109.0.0.0","en","360x800","mobile","pageview","/","User session analytics - Simple Site Analytics","youtube.com","/","","","","","","360","717","2023-01-17"
"CA","Android","12","Chrome","108.0.0.0","en","412x846","mobile","landing_page","/","User session analytics - Simple Site Analytics","youtube.com","/","","","","","","412","693","2023-01-17"
"ZA","","","Opera Devices","","en","962x541","desktop","landing_page","/","User session analytics - Simple Site Analytics","","","","","","","","958","503","2023-01-17"
"ZA","Android","10","Huawei Browser","12.1.3.304","en","960x600","tablet","landing_page","/","User session analytics - Simple Site Analytics","m.youtube.com","/watch","","","","","","960","501","2023-01-17"
"ZA","Android","10","Huawei Browser","12.1.3.304","en","960x600","tablet","pageview","/","User session analytics - Simple Site Analytics","m.youtube.com","/watch","","","","","","960","501","2023-01-17"
"GB","Android","10","Chrome","107.0.0.0","en","412x915","mobile","landing_page","/","User session analytics - Simple Site Analytics","youtube.com","/","","","","","","842","329","2023-01-17"
"ZA","Android","10","Huawei Browser","12.1.3.304","en","360x770","mobile","landing_page","/","User session analytics - Simple Site Analytics","m.youtube.com","/watch","","","","","","360","682","2023-01-17"
"GB","Android","11","Chrome","108.0.0.0","en","385x854","mobile","landing_page","/","User session analytics - Simple Site Analytics","youtube.com","/","","","","","","384","726","2023-01-17"
"ZA","Android","10","Chrome","104.0.0.0","en","360x780","mobile","landing_page","/","User session analytics - Simple Site Analytics","youtube.com","/","","","","","","360","662","2023-01-17"
"ZA","Android","13","Samsung Internet","19.0","en","412x915","mobile","landing_page","/","User session analytics - Simple Site Analytics","","","","","","","","412","788","2023-01-17"
"ZA","Android","12","Samsung Internet","19.0","en","412x915","mobile","landing_page","/","User session analytics - Simple Site Analytics","","","","","","","","412","791","2023-01-17"
"GB","Android","11","Huawei Browser","12.1.3.304","en","360x796","mobile","landing_page","/","User session analytics - Simple Site Analytics","m.youtube.com","/watch","","","","","","360","707","2023-01-17"
"US","Linux","","Chrome","108.0.5359.124","en","1280x3000","desktop","landing_page","/","User session analytics - Simple Site Analytics","","","","","","","","1280","3000","2023-01-17"
"GB","Android","9","Silk","106.5.7","en","962x601","tablet","landing_page","/","User session analytics - Simple Site Analytics","m.youtube.com","/","","","","","","962","415","2023-01-17"
"ZA","Android","11","Samsung Internet","7.4","en","360x800","mobile","landing_page","/","User session analytics - Simple Site Analytics","","","","","","","","360","682","2023-01-17"
"CA","Android","10","Chrome","109.0.0.0","en","360x771","mobile","landing_page","/","User session analytics - Simple Site Analytics","youtube.com","/","","","","","","360","647","2023-01-17"
"GB","Android","11","Chrome","108.0.0.0","en","412x915","mobile","landing_page","/","User session analytics - Simple Site Analytics","youtube.com","/","","","","","","412","784","2023-01-17"
"GB","Android","11","Chrome","108.0.0.0","en","412x915","mobile","pageview","/register","Sign up - Simple Site Analytics","www.simplesiteanalytics.com","/","","","","","","412","784","2023-01-17"
"GB","Android","11","Chrome","108.0.0.0","en","412x915","mobile","pageview","/reset-password/e433668ceed19e0f6918eb887846ec29/8787d2326ccceb16710e571ff0646204","Set a new password - Simple Site Analytics","accounts.google.com","/","","","","","","412","784","2023-01-17"
"GB","Android","11","Chrome","108.0.0.0","en","412x915","mobile","pageview","/reset-password/d1cbe402a93b1467dcad21c371ae6bf9/160c3a25bce17541c807d997d5309d2e","Set a new password - Simple Site Analytics","accounts.google.com","/","","","","","","412","784","2023-01-17"
"GB","Android","11","Chrome","108.0.0.0","en","412x915","mobile","pageview","/register","Sign up - Simple Site Analytics","www.simplesiteanalytics.com","/","","","","","","412","784","2023-01-17"
"US","Android","12","Chrome","108.0.0.0","en","360x800","mobile","landing_page","/","User session analytics - Simple Site Analytics","youtube.com","/","","","","","","360","694","2023-01-18"
"CA","Android","7.1.1","Chrome","109.0.0.0","en","360x720","mobile","landing_page","/","User session analytics - Simple Site Analytics","youtube.com","/","","","","","","360","598","2023-01-18"
"AU","Android","11","Chrome","109.0.0.0","en","393x851","mobile","landing_page","/","User session analytics - Simple Site Analytics","youtube.com","/","","","","","","393","698","2023-01-18"
"AU","Android","11","Samsung Internet","19.0","en","412x892","mobile","landing_page","/","User session analytics - Simple Site Analytics","","","","","","","","412","718","2023-01-18"
"ZA","Android","9","Chrome","108.0.0.0","en","360x760","mobile","landing_page","/","User session analytics - Simple Site Analytics","youtube.com","/","","","","","","360","631","2023-01-18"
"US","Android","4.2.1","Chrome","38.0.1025.166","en","384x800","mobile","landing_page","/","User session analytics - Simple Site Analytics","","","","","","","","384","800","2023-01-18"
"ZA","Android","8.1.0","Chrome","107.0.5304.105","en","361x722","mobile","landing_page","/","User session analytics - Simple Site Analytics","googleads.g.doubleclick.net","/","","","","","","361","563","2023-01-18"
"ZA","Windows","10.0","Chrome","109.0.0.0","en","1366x768","desktop","landing_page","/","User session analytics - Simple Site Analytics","googleads.g.doubleclick.net","/","","","","","","1366","657","2023-01-18"
"ZA","Windows","10.0","Edge","109.0.1518.55","en","1600x900","desktop","landing_page","/","User session analytics - Simple Site Analytics","googleads.g.doubleclick.net","/","","","","","","1553","789","2023-01-18"
"ZA","Windows","10.0","Chrome","109.0.0.0","en","1280x1024","desktop","landing_page","/","User session analytics - Simple Site Analytics","googleads.g.doubleclick.net","/","","","","","","1280","913","2023-01-18"
"ZA","Android","8.1.0","","","en","360x640","mobile","landing_page","/","User session analytics - Simple Site Analytics","googleads.g.doubleclick.net","/","","","","","","360","520","2023-01-18"
"ZA","Android","10","","","en","360x800","mobile","landing_page","/","User session analytics - Simple Site Analytics","googleads.g.doubleclick.net","/pagead/html/r20230112/r20110914/zrt_lookup.html","","","","","","360","679","2023-01-18"
"ZA","Android","13","Chrome","109.0.0.0","en","320x694","mobile","landing_page","/","User session analytics - Simple Site Analytics","googleads.g.doubleclick.net","/","","","","","","320","566","2023-01-18"
"ZA","Android","10","Huawei Browser","12.1.3.304","en","360x800","mobile","landing_page","/","User session analytics - Simple Site Analytics","googleads.g.doubleclick.net","/pagead/ads","","","","","","360","720","2023-01-18"
"ZA","Android","13","Chrome","108.0.0.0","en","360x800","mobile","landing_page","/","User session analytics - Simple Site Analytics","youtube.com","/","","","","","","360","667","2023-01-18"
"GB","Android","11","Chrome","108.0.0.0","en","412x915","mobile","landing_page","/","User session analytics - Simple Site Analytics","youtube.com","/","","","","","","412","784","2023-01-18"
"ZA","Android","8.1.0","Chrome","70.0.3538.110","en","360x640","mobile","landing_page","/","User session analytics - Simple Site Analytics","googleads.g.doubleclick.net","/","","","","","","360","640","2023-01-18"
"ZA","OS X","10.15.6","Safari","14.1.2","en","810x1080","desktop","landing_page","/","User session analytics - Simple Site Analytics","googleads.g.doubleclick.net","/","","","","","","1080","770","2023-01-18"
"GB","iOS","15.1","Safari","15.1","en","390x844","mobile","landing_page","/","User session analytics - Simple Site Analytics","","","","","","","","390","670","2023-01-18"
"GB","Android","9","MIUI Browser","13.14.2","en","360x720","mobile","landing_page","/","User session analytics - Simple Site Analytics","","","","","","","","672","230","2023-01-18"
"CA","Android","8.1.0","Samsung Internet","19.0","en","360x640","mobile","landing_page","/","User session analytics - Simple Site Analytics","","","","","","","","360","568","2023-01-18"
"GB","iOS","15.6.1","Safari","15.6.1","en","414x896","mobile","landing_page","/","User session analytics - Simple Site Analytics","","","","","","","","414","714","2023-01-18"
"CA","iOS","15.7.1","Safari","15.6.3","en","320x568","mobile","landing_page","/","User session analytics - Simple Site Analytics","","","","","","","","320","450","2023-01-18"
"GB","Android","10","Chrome","83.0.4103.106","en","360x780","mobile","landing_page","/","User session analytics - Simple Site Analytics","youtube.com","/mobile","","","","","","360","657","2023-01-18"
"CA","Android","12","Chrome","109.0.0.0","en","412x892","mobile","landing_page","/","User session analytics - Simple Site Analytics","youtube.com","/","","","","","","412","756","2023-01-18"
"ZA","Windows","10.0","Chrome","70.0.3538.64","en","360x770","desktop","landing_page","/","User session analytics - Simple Site Analytics","googleads.g.doubleclick.net","/pagead/ads","","","","","","360","1078","2023-01-18"
"GB","Android","10","Chrome","109.0.0.0","en","412x846","mobile","landing_page","/","User session analytics - Simple Site Analytics","youtube.com","/","","","","","","412","751","2023-01-18"
"US","iOS","16.1.1","Safari","16.1","en","390x844","mobile","landing_page","/","User session analytics - Simple Site Analytics","m.youtube.com","/","","","","","","390","656","2023-01-18"
"CA","Android","13","Chrome","109.0.0.0","fr","384x832","mobile","landing_page","/","User session analytics - Simple Site Analytics","youtube.com","/","","","","","","384","702","2023-01-18"
"CA","Android","13","Chrome","109.0.0.0","fr","384x832","mobile","pageview","/","User session analytics - Simple Site Analytics","youtube.com","/","","","","","","384","702","2023-01-18"
"CA","Android","13","Chrome","108.0.0.0","en","384x854","mobile","landing_page","/","User session analytics - Simple Site Analytics","youtube.com","/","","","","","","384","756","2023-01-18"
"CA","Android","10","Samsung Internet","19.0","zh","740x360","mobile","landing_page","/","User session analytics - Simple Site Analytics","","","","","","","","692","288","2023-01-18"
"US","Android","12","Chrome","108.0.0.0","en","385x854","mobile","landing_page","/","User session analytics - Simple Site Analytics","youtube.com","/","","","","","","384","726","2023-01-18"
"US","Android","12","Chrome","108.0.0.0","en","385x854","mobile","pageview","/","User session analytics - Simple Site Analytics","youtube.com","/","","","","","","384","726","2023-01-18"
"US","iOS","16.0","Google Search","243.0.495136164","en","393x852","mobile","landing_page","/","User session analytics - Simple Site Analytics","","","","","","","","393","651","2023-01-19"
"IE","Windows","10.0","Chrome","109.0.0.0","en","2000x2000","desktop","landing_page","/","User session analytics - Simple Site Analytics","www.facebook.com","/","","","","","","1050","1862","2023-01-19"
"AU","OS X","10.15.6","Safari","15.6.1","en","768x1024","desktop","landing_page","/","User session analytics - Simple Site Analytics","","","","","","","","1024","665","2023-01-19"
"AU","OS X","10.15.6","Safari","15.6.1","en","768x1024","desktop","pageview","/","User session analytics - Simple Site Analytics","","","","","","","","1024","665","2023-01-19"
"AU","OS X","10.15.6","Safari","15.6.1","en","768x1024","desktop","landing_page","/","User session analytics - Simple Site Analytics","","","","","","","","1024","665","2023-01-19"
"ZA","Android","10","Facebook","","en","360x780","mobile","landing_page","/","User session analytics - Simple Site Analytics","googleads.g.doubleclick.net","/pagead/ads","","","","","","360","658","2023-01-19"
"ZA","iOS","16.2","Safari","16.2","en","390x844","mobile","landing_page","/","User session analytics - Simple Site Analytics","googleads.g.doubleclick.net","/","","","","","","390","745","2023-01-19"
"GB","Android","9","Chrome","108.0.0.0","en","320x658","mobile","landing_page","/","User session analytics - Simple Site Analytics","9bd598acf16aa94550df0b43587b18d4.safeframe.googlesyndication.com","/","","","","","","320","530","2023-01-19"
"ZA","Windows","10.0","Chrome","109.0.0.0","en","1536x864","desktop","landing_page","/","User session analytics - Simple Site Analytics","googleads.g.doubleclick.net","/","","","","","","1536","722","2023-01-19"
"US","Windows","10.0","Chrome","108.0.0.0","en","1366x768","desktop","landing_page","/","User session analytics - Simple Site Analytics","www.google.com","/","","","","","","1366","768","2023-01-19"
"GB","Android","11","Chrome","109.0.0.0","es","320x694","mobile","landing_page","/","User session analytics - Simple Site Analytics","","","","","","","","320","566","2023-01-19"
"US","Android","13","Chrome","108.0.0.0","en","412x892","mobile","landing_page","/","User session analytics - Simple Site Analytics","googleads.g.doubleclick.net","/","","","","","","412","760","2023-01-19"
"GB","Android","12","Chrome","109.0.0.0","pl","385x854","mobile","landing_page","/","User session analytics - Simple Site Analytics","googleads.g.doubleclick.net","/","","","","","","384","724","2023-01-19"
"ZA","Android","12","Chrome","104.0.0.0","en","412x915","mobile","landing_page","/","User session analytics - Simple Site Analytics","","","","","","","","0","58928","2023-01-19"
"GB","iOS","16.0","Safari","16.0","en","375x812","mobile","landing_page","/","User session analytics - Simple Site Analytics","","","","","","","","375","749","2023-01-19"
"ZA","Android","12","Chrome","109.0.0.0","en","320x676","mobile","landing_page","/","User session analytics - Simple Site Analytics","youtube.com","/","","","","","","320","588","2023-01-19"
"US","iOS","16.0","Safari","16.0","en","390x844","mobile","landing_page","/","User session analytics - Simple Site Analytics","googleads.g.doubleclick.net","/","","","","","","390","663","2023-01-19"
"ZA","Android","11","Chrome","94.0.4606.85","en","1280x800","tablet","landing_page","/","User session analytics - Simple Site Analytics","googleads.g.doubleclick.net","/","","","","","","1280","632","2023-01-19"
"GB","iOS","16.2","Safari","16.2","en","390x844","mobile","landing_page","/","User session analytics - Simple Site Analytics","","","","","","","","390","675","2023-01-19"
"PR","Android","12","Chrome","109.0.0.0","en","385x854","mobile","landing_page","/","User session analytics - Simple Site Analytics","googleads.g.doubleclick.net","/","","","","","","384","726","2023-01-19"
"ZA","Android","12","Samsung Internet","19.0","en","384x857","mobile","landing_page","/","User session analytics - Simple Site Analytics","","","","","","","","384","737","2023-01-19"
"ZA","Android","11","Samsung Internet","19.0","en","412x915","mobile","landing_page","/","User session analytics - Simple Site Analytics","","","","","","","","412","785","2023-01-19"
"GB","Android","8.0.0","Chrome","108.0.0.0","en","360x740","mobile","landing_page","/","User session analytics - Simple Site Analytics","googleads.g.doubleclick.net","/","","","","","","360","660","2023-01-19"
"GB","Android","9","Silk","106.5.7","en","962x601","tablet","landing_page","/","User session analytics - Simple Site Analytics","m.youtube.com","/","","","","","","962","415","2023-01-19"
"GB","iOS","16.2","Safari","16.2","en","390x844","mobile","landing_page","/","User session analytics - Simple Site Analytics","","","","","","","","390","661","2023-01-19"
"US","Android","11","Chrome","109.0.0.0","en","412x915","mobile","landing_page","/","User session analytics - Simple Site Analytics","youtube.com","/","","","","","","0","59241","2023-01-19"
"ZA","Android","11","Samsung Internet","19.0","en","412x915","mobile","landing_page","/","User session analytics - Simple Site Analytics","","","","","","","","412","785","2023-01-20"
"ZA","Android","11","Samsung Internet","19.0","en","412x915","mobile","pageview","/","User session analytics - Simple Site Analytics","","","","","","","","412","785","2023-01-20"
"US","Android","11","Samsung Internet","7.4","es","385x854","mobile","landing_page","/","User session analytics - Simple Site Analytics","","","","","","","","384","734","2023-01-20"
"GB","Android","12","Chrome","108.0.0.0","en","412x915","mobile","landing_page","/","User session analytics - Simple Site Analytics","googleads.g.doubleclick.net","/","","","","","","412","780","2023-01-20"
"GB","Android","12","Chrome","108.0.0.0","en","412x915","mobile","pageview","/","User session analytics - Simple Site Analytics","googleads.g.doubleclick.net","/","","","","","","412","780","2023-01-20"
"US","Android","11","Samsung Internet","7.4","es","385x854","mobile","pageview","/","User session analytics - Simple Site Analytics","","","","","","","","384","734","2023-01-20"
"ZA","Android","7.0","Samsung Internet","19.0","en","360x640","mobile","landing_page","/","User session analytics - Simple Site Analytics","","","","","","","","360","568","2023-01-20"
"CA","iOS","16.2","Safari","16.2","en","428x926","mobile","landing_page","/","User session analytics - Simple Site Analytics","m.youtube.com","/","","","","","","428","740","2023-01-20"
"ZA","Android","10","Chrome","108.0.0.0","en","412x846","mobile","landing_page","/","User session analytics - Simple Site Analytics","youtube.com","/","","","","","","412","766","2023-01-20"
"GB","Android","11","Chrome","108.0.0.0","en","385x811","mobile","landing_page","/","User session analytics - Simple Site Analytics","youtube.com","/","","","","","","384","675","2023-01-20"
"ZA","Android","12","Chrome","108.0.0.0","en","393x873","mobile","landing_page","/","User session analytics - Simple Site Analytics","blog.smartcryptotrade.net","/","","","","","","393","764","2023-01-20"
"ZA","Android","12","Chrome","108.0.0.0","en","393x873","mobile","pageview","/pages/features","Features - Simple Site Analytics","www.simplesiteanalytics.com","/","","","","","","393","764","2023-01-20"
"ZA","Android","12","Chrome","108.0.0.0","en","393x873","mobile","pageview","/page/heat-maps","Heat Maps - Simple Site Analytics","www.simplesiteanalytics.com","/pages/features","","","","","","393","764","2023-01-20"
"ZA","Android","12","Chrome","108.0.0.0","en","393x873","mobile","pageview","/","User session analytics - Simple Site Analytics","productosdebelleza.net","/","","","","","","393","820","2023-01-20"
"US","iOS","16.1.2","Safari","16.1","en","375x667","mobile","landing_page","/","User session analytics - Simple Site Analytics","","","","","","","","375","559","2023-01-20"
"GB","Android","11","Chrome","109.0.0.0","es","320x694","mobile","landing_page","/","User session analytics - Simple Site Analytics","","","","","","","","320","566","2023-01-20"
"US","Android","12","Chrome","109.0.0.0","en","385x854","mobile","landing_page","/","User session analytics - Simple Site Analytics","youtube.com","/","","","","","","384","726","2023-01-20"
"CA","iOS","16.2","Safari","16.2","en","428x926","mobile","landing_page","/","User session analytics - Simple Site Analytics","m.youtube.com","/","","","","","","428","743","2023-01-20"
"CA","iOS","16.2","Safari","16.2","en","428x926","mobile","landing_page","/","User session analytics - Simple Site Analytics","m.youtube.com","/","","","","","","428","743","2023-01-20"
"CA","iOS","16.2","Safari","16.2","en","428x926","mobile","landing_page","/","User session analytics - Simple Site Analytics","m.youtube.com","/","","","","","","428","743","2023-01-20"
"CA","iOS","16.2","Safari","16.2","en","428x926","mobile","pageview","/","User session analytics - Simple Site Analytics","m.youtube.com","/","","","","","","428","743","2023-01-20"
"CA","iOS","16.2","Safari","16.2","en","428x926","mobile","landing_page","/","User session analytics - Simple Site Analytics","m.youtube.com","/","","","","","","428","743","2023-01-20"
"ZA","Android","12","Chrome","108.0.0.0","en","360x806","mobile","landing_page","/","User session analytics - Simple Site Analytics","","","","","","","","360","674","2023-01-21"
"IN","Windows","10.0","Chrome","109.0.0.0","en","1366x768","desktop","landing_page","/","User session analytics - Simple Site Analytics","","","","","","","","1366","625","2023-01-21"
"IN","Windows","10.0","Chrome","109.0.0.0","en","1366x768","desktop","pageview","/contact","Contact - Simple Site Analytics","www.simplesiteanalytics.com","/","","","","","","1366","657","2023-01-21"
"IN","Windows","10.0","Chrome","109.0.0.0","en","1366x768","desktop","pageview","/contact","Contact - Simple Site Analytics","","","","","","","","1366","657","2023-01-21"
"AU","Android","11","Chrome","108.0.0.0","en","800x1280","tablet","landing_page","/","User session analytics - Simple Site Analytics","","","","","","","","800","1112","2023-01-21"
"AU","Android","11","Chrome","108.0.0.0","en","800x1280","tablet","pageview","/","User session analytics - Simple Site Analytics","","","","","","","","800","1184","2023-01-21"
"AU","Android","11","Chrome","108.0.0.0","en","800x1280","tablet","pageview","/","User session analytics - Simple Site Analytics","","","","","","","","800","1112","2023-01-21"
"AU","Android","11","Samsung Internet","19.0","en","412x892","mobile","landing_page","/","User session analytics - Simple Site Analytics","","","","","","","","412","718","2023-01-21"
"AU","Android","11","Chrome","108.0.0.0","en","800x1280","tablet","landing_page","/","User session analytics - Simple Site Analytics","","","","","","","","800","1112","2023-01-21"
"CA","iOS","15.3.1","Safari","15.3","en","375x667","mobile","landing_page","/","User session analytics - Simple Site Analytics","","","","","","","","375","548","2023-01-21"
"AU","OS X","10.15.6","Safari","15.6.1","en","768x1024","desktop","landing_page","/","User session analytics - Simple Site Analytics","","","","","","","","768","921","2023-01-21"
"CA","iOS","16.1.2","Safari","16.1","en","320x568","mobile","landing_page","/","User session analytics - Simple Site Analytics","","","","","","","","320","568","2023-01-21"
"GB","iOS","16.1.1","Safari","16.1","en","375x812","mobile","landing_page","/","User session analytics - Simple Site Analytics","googleads.g.doubleclick.net","/","","","","","","375","629","2023-01-21"
"ZA","Android","11","","","en","360x800","mobile","landing_page","/","User session analytics - Simple Site Analytics","googleads.g.doubleclick.net","/","","","","","","360","676","2023-01-21"
"ZA","Android","11","","","en","360x800","mobile","pageview","/","User session analytics - Simple Site Analytics","googleads.g.doubleclick.net","/","","","","","","360","676","2023-01-21"
"US","Android","11","Chrome","108.0.0.0","en","412x915","mobile","landing_page","/","User session analytics - Simple Site Analytics","googleads.g.doubleclick.net","/","","","","","","412","732","2023-01-21"
"US","Android","9","","","en","320x640","mobile","landing_page","/","User session analytics - Simple Site Analytics","googleads.g.doubleclick.net","/","","","","","","320","520","2023-01-21"
"US","Android","9","","","en","320x640","mobile","pageview","/register","Sign up - Simple Site Analytics","www.simplesiteanalytics.com","/","","","","","","320","520","2023-01-21"
"CA","Android","10","Chrome","109.0.0.0","en","360x756","mobile","landing_page","/","User session analytics - Simple Site Analytics","","","","","","","","360","640","2023-01-21"
"GB","Android","11","Chrome","109.0.0.0","en","360x780","mobile","landing_page","/","User session analytics - Simple Site Analytics","","","","","","","","360","648","2023-01-21"
"US","iOS","16.2","Safari","16.1","en","414x896","mobile","landing_page","/","User session analytics - Simple Site Analytics","googleads.g.doubleclick.net","/","","","","","","808","331","2023-01-21"
"ZA","Android","12","Chrome","108.0.0.0","en","360x806","mobile","landing_page","/","User session analytics - Simple Site Analytics","","","","","","","","360","674","2023-01-21"
"ZA","Android","12","Chrome","108.0.0.0","en","360x806","mobile","pageview","/","User session analytics - Simple Site Analytics","","","","","","","","360","674","2023-01-21"
"GB","Android","11","Chrome","109.0.0.0","en","360x780","mobile","landing_page","/","User session analytics - Simple Site Analytics","","","","","","","","360","648","2023-01-21"
"UA","iOS","16.0","Safari","16.0","cy","375x667","mobile","landing_page","/","User session analytics - Simple Site Analytics","","","","","","","","375","628","2023-01-21"
"GB","Android","11","Chrome","109.0.0.0","en","360x780","mobile","pageview","/","User session analytics - Simple Site Analytics","","","","","","","","360","648","2023-01-21"
"US","iOS","15.4.1","Facebook","","en","320x568","mobile","landing_page","/","User session analytics - Simple Site Analytics","googleads.g.doubleclick.net","/","","","","","","320","440","2023-01-21"
"US","iOS","15.6.1","Safari","15.6.1","en","414x896","mobile","landing_page","/","User session analytics - Simple Site Analytics","","","","","","","","414","715","2023-01-21"
"CA","iOS","16.2","Facebook","","en","320x693","mobile","landing_page","/","User session analytics - Simple Site Analytics","googleads.g.doubleclick.net","/","","","","","","320","518","2023-01-21"
"US","Android","13","Chrome","109.0.0.0","en","360x780","mobile","landing_page","/","User session analytics - Simple Site Analytics","googleads.g.doubleclick.net","/","","","","","","360","682","2023-01-21"